id,created_date_ad,created_date_bs,purchase_type,pay_type,prefix,separator,fiscal,purchase_no,purchase_no_full,sub_total,total_discount,discount_rate,total_discountable_amount,total_taxable_amount,total_non_taxable_amount,total_tax,grand_total,round_off_amount,bill_no,bill_date_ad,bill_date_bs,chalan_no,due_date_ad,due_date_bs,remarks,app_type_id,created_by_id,device_type_id,discount_scheme_id,fiscal_session_ad_id,fiscal_session_bs_id,ref_purchase_main_id,ref_purchase_order_id,supplier_id
1,2023-04-16 23:29:01.221007+05:45,2080-01-03,PURCHASE,CREDIT,PU,-,79/80,1,PU-79/80-0001,0.00,0.00,0.00,0.00,0.00,0.00,0.00,0.00,0.00,,2023-04-16,2080-01-03,,,,,1,2,2,,13,15,,,1
2,2023-04-17 09:53:58.139433+05:45,2080-01-04,PURCHASE,CREDIT,PU,-,79/80,2,PU-79/80-0002,3973.32,0.00,0.00,3973.32,0.00,3973.32,0.00,3973.00,-0.32,,2023-04-17,2080-01-04,,,,,1,2,2,,13,15,,,1
3,2023-04-19 09:43:02.481446+05:45,2080-01-06,PURCHASE,CREDIT,PU,-,79/80,3,PU-79/80-0003,269513.22,0.00,0.00,269513.22,0.00,269513.22,0.00,269513.00,-0.22,,2023-04-19,2080-01-06,,,,,1,2,2,,13,15,,,1
4,2023-04-19 10:06:47.188911+05:45,2080-01-06,PURCHASE,CREDIT,PU,-,79/80,4,PU-79/80-0004,19517.00,0.00,0.00,19517.00,0.00,19517.00,0.00,19517.00,0.00,,2023-04-19,2080-01-06,,,,,1,2,2,,13,15,,,1
5,2023-04-19 10:09:14.930878+05:45,2080-01-06,PURCHASE,CREDIT,PU,-,79/80,5,PU-79/80-0005,27117.00,0.00,0.00,27117.00,0.00,27117.00,0.00,27117.00,0.00,,2023-04-19,2080-01-06,,,,,1,2,2,,13,15,,,1
6,2023-04-19 10:09:29.522804+05:45,2080-01-06,PURCHASE,CREDIT,PU,-,79/80,6,PU-79/80-0006,27117.00,0.00,0.00,27117.00,0.00,27117.00,0.00,27117.00,0.00,,2023-04-19,2080-01-06,,,,,1,2,2,,13,15,,,1
7,2023-04-19 10:57:12.138095+05:45,2080-01-06,PURCHASE,CREDIT,PU,-,79/80,7,PU-79/80-0007,261687.55,0.00,0.00,261687.55,0.00,261687.55,0.00,261688.00,0.45,,2023-04-19,2080-01-06,,,,,1,2,2,,13,15,,,1
8,2023-04-19 10:58:18.865036+05:45,2080-01-06,PURCHASE,CREDIT,PU,-,79/80,8,PU-79/80-0008,261999.05,0.00,0.00,261999.05,0.00,261999.05,0.00,261999.00,-0.05,,2023-04-19,2080-01-06,,,,,1,2,2,,13,15,,,1
9,2023-04-19 11:54:19.378323+05:45,2080-01-06,PURCHASE,CREDIT,PU,-,79/80,9,PU-79/80-0009,554075.55,0.00,0.00,554075.55,0.00,554075.55,0.00,554076.00,0.45,,2023-04-19,2080-01-06,,,,,1,2,2,,13,15,,,1
10,2023-04-19 16:43:53.365105+05:45,2080-01-06,PURCHASE,CREDIT,PU,-,79/80,10,PU-79/80-0010,76476.76,0.00,0.00,76476.76,0.00,76476.76,0.00,76477.00,0.24,,2023-04-19,2080-01-06,,,,,1,2,2,,13,15,,,1
11,2023-04-19 19:37:51.917092+05:45,2080-01-06,PURCHASE,CREDIT,PU,-,79/80,11,PU-79/80-0011,7776.00,0.00,0.00,7776.00,0.00,7776.00,0.00,7776.00,0.00,,2023-04-19,2080-01-06,,,,,1,2,2,,13,15,,,1
12,2023-04-19 19:55:26.256805+05:45,2080-01-06,PURCHASE,CREDIT,PU,-,79/80,12,PU-79/80-0012,22635.00,0.00,0.00,22635.00,0.00,22635.00,0.00,22635.00,0.00,,2023-04-19,2080-01-06,,,,,1,2,2,,13,15,,,1
13,2023-04-19 20:49:14.526200+05:45,2080-01-06,PURCHASE,CREDIT,PU,-,79/80,13,PU-79/80-0013,8010.00,0.00,0.00,8010.00,0.00,8010.00,0.00,8010.00,0.00,,2023-04-19,2080-01-06,,,,,1,5,2,,13,15,,,1
14,2023-04-19 21:02:24.149245+05:45,2080-01-06,PURCHASE,CREDIT,PU,-,79/80,14,PU-79/80-0014,13781.68,0.00,0.00,13781.68,0.00,13781.68,0.00,13782.00,0.32,,2023-04-19,2080-01-06,,,,,1,5,2,,13,15,,,1
15,2023-04-19 21:07:05.252164+05:45,2080-01-06,PURCHASE,CREDIT,PU,-,79/80,15,PU-79/80-0015,14120.88,0.00,0.00,14120.88,0.00,14120.88,0.00,14121.00,0.12,,2023-04-19,2080-01-06,,,,,1,5,2,,13,15,,,1
16,2023-04-19 21:19:10.875531+05:45,2080-01-06,PURCHASE,CREDIT,PU,-,79/80,16,PU-79/80-0016,35451.08,0.00,0.00,35451.08,0.00,35451.08,0.00,35451.00,-0.08,,2023-04-19,2080-01-06,,,,,1,5,2,,13,15,,,1
17,2023-04-19 22:19:09.100829+05:45,2080-01-06,PURCHASE,CREDIT,PU,-,79/80,17,PU-79/80-0017,125750.88,0.00,0.00,125750.88,0.00,125750.88,0.00,125751.00,0.12,,2023-04-19,2080-01-06,,,,,1,5,2,,13,15,,,1
18,2023-04-20 11:53:01.125042+05:45,2080-01-07,PURCHASE,CASH,PU,-,79/80,18,PU-79/80-0018,1020.00,0.00,0.00,1020.00,0.00,1020.00,0.00,1020.00,0.00,,2023-04-20,2080-01-07,,,,,1,1,2,,13,15,,,1
19,2023-04-20 12:15:24.469482+05:45,2080-01-07,PURCHASE,CREDIT,PU,-,79/80,19,PU-79/80-0019,154000.00,0.00,0.00,154000.00,0.00,154000.00,0.00,154000.00,0.00,,2023-04-20,2080-01-07,,,,,1,1,2,,13,15,,,1
20,2023-04-20 12:23:38.079962+05:45,2080-01-07,PURCHASE,CREDIT,PU,-,79/80,20,PU-79/80-0020,6000.00,0.00,0.00,6000.00,0.00,6000.00,0.00,6000.00,0.00,,2023-04-20,2080-01-07,,,,,1,1,2,,13,15,,,1
21,2023-04-20 12:28:41.563261+05:45,2080-01-07,PURCHASE,CASH,PU,-,79/80,21,PU-79/80-0021,415.00,0.00,0.00,415.00,0.00,415.00,0.00,415.00,0.00,,2023-04-20,2080-01-07,,,,,1,1,2,,13,15,,,1
22,2023-04-20 12:31:58.194861+05:45,2080-01-07,PURCHASE,CASH,PU,-,79/80,22,PU-79/80-0022,3815.00,0.00,0.00,3815.00,0.00,3815.00,0.00,3815.00,0.00,,2023-04-20,2080-01-07,,,,,1,1,2,,13,15,,,1
23,2023-04-20 12:39:35.288319+05:45,2080-01-07,PURCHASE,CASH,PU,-,79/80,23,PU-79/80-0023,110.00,0.00,0.00,110.00,0.00,110.00,0.00,110.00,0.00,,2023-04-20,2080-01-07,,,,,1,1,2,,13,15,,,1
24,2023-04-20 12:46:42.632168+05:45,2080-01-07,PURCHASE,CASH,PU,-,79/80,24,PU-79/80-0024,15000.00,0.00,0.00,15000.00,0.00,15000.00,0.00,15000.00,0.00,,2023-04-20,2080-01-07,,,,,1,1,2,,13,15,,,1
25,2023-04-20 12:51:00.973704+05:45,2080-01-07,PURCHASE,CASH,PU,-,79/80,25,PU-79/80-0025,40000.00,0.00,0.00,40000.00,0.00,40000.00,0.00,40000.00,0.00,,2023-04-20,2080-01-07,,,,,1,1,2,,13,15,,,1
26,2023-04-20 15:26:25.246054+05:45,2080-01-07,PURCHASE,CASH,PU,-,79/80,26,PU-79/80-0026,14000.00,0.00,0.00,14000.00,0.00,14000.00,0.00,14000.00,0.00,,2023-04-20,2080-01-07,,,,,1,2,2,,13,15,,,1
27,2023-04-20 15:39:50.905186+05:45,2080-01-07,PURCHASE,CASH,PU,-,79/80,27,PU-79/80-0027,2560.00,0.00,0.00,2560.00,0.00,2560.00,0.00,2560.00,0.00,,2023-04-20,2080-01-07,,,,,1,2,2,,13,15,,,1
28,2023-04-20 16:08:45.353076+05:45,2080-01-07,PURCHASE,CASH,PU,-,79/80,28,PU-79/80-0028,1540.00,0.00,0.00,1540.00,0.00,1540.00,0.00,1540.00,0.00,,2023-04-20,2080-01-07,,,,,1,2,2,,13,15,,,1
29,2023-04-20 16:17:50.873995+05:45,2080-01-07,PURCHASE,CASH,PU,-,79/80,29,PU-79/80-0029,4250.00,0.00,0.00,4250.00,0.00,4250.00,0.00,4250.00,0.00,,2023-04-20,2080-01-07,,,,,1,2,2,,13,15,,,1
30,2023-04-20 16:23:24.997918+05:45,2080-01-07,PURCHASE,CASH,PU,-,79/80,30,PU-79/80-0030,475.00,0.00,0.00,475.00,0.00,475.00,0.00,475.00,0.00,,2023-04-20,2080-01-07,,,,,1,2,2,,13,15,,,1
31,2023-04-21 13:47:32.832230+05:45,2080-01-08,PURCHASE,CASH,PU,-,79/80,31,PU-79/80-0031,40501.04,0.00,0.00,40501.04,0.00,40501.04,0.00,40501.00,-0.04,,2023-04-21,2080-01-08,,,,,1,2,2,,13,15,,,1
32,2023-04-21 13:51:44.568134+05:45,2080-01-08,PURCHASE,CASH,PU,-,79/80,32,PU-79/80-0032,40501.04,0.00,0.00,40501.04,0.00,40501.04,0.00,40501.00,-0.04,,2023-04-21,2080-01-08,,,,,1,2,2,,13,15,,,1
33,2023-04-21 14:32:29.514448+05:45,2080-01-08,PURCHASE,CASH,PU,-,79/80,33,PU-79/80-0033,1169356.50,0.00,0.00,1169356.50,0.00,1169356.50,0.00,1169357.00,0.50,,2023-04-21,2080-01-08,,,,,1,2,2,,13,15,,,1
34,2023-04-21 14:38:46.859220+05:45,2080-01-08,PURCHASE,CASH,PU,-,79/80,34,PU-79/80-0034,1327562.22,0.00,0.00,1327562.22,0.00,1327562.22,0.00,1327562.00,-0.22,,2023-04-21,2080-01-08,,,,,1,2,2,,13,15,,,1
35,2023-04-22 12:06:58.866818+05:45,2080-01-09,PURCHASE,CASH,PU,-,79/80,35,PU-79/80-0035,276506.12,0.00,0.00,276506.12,0.00,276506.12,0.00,276506.00,-0.12,,2023-04-22,2080-01-09,,,,,1,1,2,,13,15,,,1
36,2023-04-22 12:45:14.341620+05:45,2080-01-09,PURCHASE,CASH,PU,-,79/80,36,PU-79/80-0036,741547.16,0.00,0.00,741547.16,0.00,741547.16,0.00,741547.00,-0.16,,2023-04-22,2080-01-09,,,,,1,1,2,,13,15,,,1
37,2023-04-22 15:11:44.839179+05:45,2080-01-09,PURCHASE,CASH,PU,-,79/80,37,PU-79/80-0037,1310254.16,0.00,0.00,1310254.16,0.00,1310254.16,0.00,1310254.00,-0.16,,2023-04-22,2080-01-09,,,,,1,1,2,,13,15,,,1
38,2023-04-23 12:52:39.896456+05:45,2080-01-10,PURCHASE,CASH,PU,-,79/80,38,PU-79/80-0038,1382.40,0.00,0.00,1382.40,0.00,1382.40,0.00,1382.00,-0.40,,2023-04-23,2080-01-10,,,,,1,2,2,,13,15,,,1
39,2023-04-23 12:59:38.550547+05:45,2080-01-10,PURCHASE,CASH,PU,-,79/80,39,PU-79/80-0039,24750.00,0.00,0.00,24750.00,0.00,24750.00,0.00,24750.00,0.00,,2023-04-23,2080-01-10,,,,,1,2,2,,13,15,,,1
40,2023-04-23 13:32:31.900498+05:45,2080-01-10,PURCHASE,CASH,PU,-,79/80,40,PU-79/80-0040,1120.00,0.00,0.00,1120.00,0.00,1120.00,0.00,1120.00,0.00,,2023-04-23,2080-01-10,,,,,1,2,2,,13,15,,,1
41,2023-04-23 15:19:21.833656+05:45,2080-01-10,PURCHASE,CASH,PU,-,79/80,41,PU-79/80-0041,2833.60,0.00,0.00,2833.60,0.00,2833.60,0.00,2834.00,0.40,,2023-04-23,2080-01-10,,,,,1,2,2,,13,15,,,1
42,2023-04-23 15:26:06.798613+05:45,2080-01-10,PURCHASE,CASH,PU,-,79/80,42,PU-79/80-0042,29800.00,0.00,0.00,29800.00,0.00,29800.00,0.00,29800.00,0.00,,2023-04-23,2080-01-10,,,,,1,2,2,,13,15,,,1
43,2023-04-23 15:40:31.992355+05:45,2080-01-10,PURCHASE,CASH,PU,-,79/80,43,PU-79/80-0043,4000.00,0.00,0.00,4000.00,0.00,4000.00,0.00,4000.00,0.00,,2023-04-23,2080-01-10,,,,,1,2,2,,13,15,,,1
44,2023-04-23 15:52:20.008394+05:45,2080-01-10,PURCHASE,CASH,PU,-,79/80,44,PU-79/80-0044,16000.00,0.00,0.00,16000.00,0.00,16000.00,0.00,16000.00,0.00,,2023-04-23,2080-01-10,,,,,1,2,2,,13,15,,,1
45,2023-04-24 17:47:47.418525+05:45,2080-01-11,PURCHASE,CASH,PU,-,79/80,45,PU-79/80-0045,3230.00,0.00,0.00,3230.00,0.00,3230.00,0.00,3230.00,0.00,,2023-04-24,2080-01-11,,,,,1,2,2,,13,15,,,1
46,2023-04-24 18:00:43.913263+05:45,2080-01-11,PURCHASE,CREDIT,PU,-,79/80,46,PU-79/80-0046,4530.00,0.00,0.00,4530.00,0.00,4530.00,0.00,4530.00,0.00,,2023-04-24,2080-01-11,,,,,1,2,2,,13,15,,,1
47,2023-04-25 11:47:06.298039+05:45,2080-01-12,PURCHASE,CASH,PU,-,79/80,47,PU-79/80-0047,38500.00,0.00,0.00,38500.00,0.00,38500.00,0.00,38500.00,0.00,,2023-04-25,2080-01-12,,,,,1,5,2,,13,15,,,1
48,2023-04-26 14:28:48.396668+05:45,2080-01-13,PURCHASE,CASH,PU,-,79/80,48,PU-79/80-0048,4000.00,0.00,0.00,4000.00,0.00,4000.00,0.00,4000.00,0.00,,2023-04-26,2080-01-13,,,,,1,5,2,,13,15,,,1
49,2023-04-26 14:32:26.353868+05:45,2080-01-13,PURCHASE,CASH,PU,-,79/80,49,PU-79/80-0049,34000.00,0.00,0.00,34000.00,0.00,34000.00,0.00,34000.00,0.00,,2023-04-26,2080-01-13,,,,,1,5,2,,13,15,,,1
50,2023-04-26 14:41:04.461233+05:45,2080-01-13,PURCHASE,CREDIT,PU,-,79/80,50,PU-79/80-0050,41000.00,0.00,0.00,41000.00,0.00,41000.00,0.00,41000.00,0.00,,2023-04-26,2080-01-13,,,,,1,5,2,,13,15,,,1
51,2023-04-26 16:52:24.226738+05:45,2080-01-13,PURCHASE,CASH,PU,-,79/80,51,PU-79/80-0051,63000.00,0.00,0.00,63000.00,0.00,63000.00,0.00,63000.00,0.00,,2023-04-26,2080-01-13,,,,,1,5,2,,13,15,,,1
52,2023-04-27 10:44:32.658420+05:45,2080-01-14,PURCHASE,CASH,PU,-,79/80,52,PU-79/80-0052,19664.43,0.00,0.00,19664.43,0.00,19664.43,0.00,19664.00,-0.43,,2023-04-27,2080-01-14,,,,,1,5,2,,13,15,,,1
53,2023-04-27 12:53:45.959458+05:45,2080-01-14,PURCHASE,CASH,PU,-,79/80,53,PU-79/80-0053,3600.00,0.00,0.00,3600.00,0.00,3600.00,0.00,3600.00,0.00,,2023-04-27,2080-01-14,,,,,1,5,2,,13,15,,,1
54,2023-04-27 18:56:50.013413+05:45,2080-01-14,PURCHASE,CASH,PU,-,79/80,54,PU-79/80-0054,1345165.25,0.00,0.00,1345165.25,0.00,1345165.25,0.00,1345165.00,-0.25,,2023-04-27,2080-01-14,,,,,1,5,2,,13,15,,,3
55,2023-04-27 18:59:00.082659+05:45,2080-01-14,PURCHASE,CASH,PU,-,79/80,55,PU-79/80-0055,1345165.25,0.00,0.00,1345165.25,0.00,1345165.25,0.00,1345165.00,-0.25,,2023-04-27,2080-01-14,,,,,1,5,2,,13,15,,,3
56,2023-04-28 15:56:10.845651+05:45,2080-01-15,PURCHASE,CASH,PU,-,79/80,56,PU-79/80-0056,45000.00,0.00,0.00,45000.00,0.00,45000.00,0.00,45000.00,0.00,,2023-04-28,2080-01-15,,,,,1,5,2,,13,15,,,1
57,2023-04-28 20:26:48.454156+05:45,2080-01-15,PURCHASE,CASH,PU,-,79/80,57,PU-79/80-0057,148207.12,0.00,0.00,148207.12,0.00,148207.12,0.00,148207.00,-0.12,easr0003310,2023-04-28,2080-01-15,,,,,1,5,2,,13,15,,,2
58,2023-04-29 13:29:25.435920+05:45,2080-01-16,PURCHASE,CASH,PU,-,79/80,58,PU-79/80-0058,21787.75,0.00,0.00,21787.75,0.00,21787.75,0.00,21788.00,0.25,EASR0003363,2023-04-29,2080-01-16,,,,,1,5,2,,13,15,,,2
59,2023-04-29 13:38:34.994612+05:45,2080-01-16,PURCHASE,CASH,PU,-,79/80,59,PU-79/80-0059,180.00,0.00,0.00,180.00,0.00,180.00,0.00,180.00,0.00,,2023-04-29,2080-01-16,,,,,1,5,2,,13,15,,,1
60,2023-04-30 18:03:07.351100+05:45,2080-01-17,PURCHASE,CREDIT,PU,-,79/80,60,PU-79/80-0060,1960.00,0.00,0.00,1960.00,0.00,1960.00,0.00,1960.00,0.00,,2023-04-30,2080-01-17,,,,,1,5,2,,13,15,,,1
61,2023-04-30 18:14:05.181733+05:45,2080-01-17,PURCHASE,CASH,PU,-,79/80,61,PU-79/80-0061,6335.00,0.00,0.00,6335.00,0.00,6335.00,0.00,6335.00,0.00,,2023-04-30,2080-01-17,,,,,1,5,2,,13,15,,,1
62,2023-04-30 19:44:49.546911+05:45,2080-01-17,PURCHASE,CASH,PU,-,79/80,62,PU-79/80-0062,6665.00,0.00,0.00,6665.00,0.00,6665.00,0.00,6665.00,0.00,,2023-04-30,2080-01-17,,,,,1,5,2,,13,15,,,1
63,2023-05-01 12:55:17.719038+05:45,2080-01-18,PURCHASE,CASH,PU,-,79/80,63,PU-79/80-0063,2112.00,0.00,0.00,2112.00,0.00,2112.00,0.00,2112.00,0.00,,2023-05-01,2080-01-18,,,,,1,5,2,,13,15,,,1
64,2023-05-01 18:33:36.921116+05:45,2080-01-18,PURCHASE,CASH,PU,-,79/80,64,PU-79/80-0064,1660.00,0.00,0.00,1660.00,0.00,1660.00,0.00,1660.00,0.00,,2023-05-01,2080-01-18,,,,,1,2,2,,13,15,,,3
65,2023-05-01 18:58:40.333198+05:45,2080-01-18,PURCHASE,CASH,PU,-,79/80,65,PU-79/80-0065,1660.00,0.00,0.00,1660.00,0.00,1660.00,0.00,1660.00,0.00,,2023-05-01,2080-01-18,,,,,1,2,2,,13,15,,,3
66,2023-05-03 11:26:23.342623+05:45,2080-01-20,PURCHASE,CASH,PU,-,79/80,66,PU-79/80-0066,132000.00,0.00,0.00,132000.00,0.00,132000.00,0.00,132000.00,0.00,,2023-05-03,2080-01-20,,,,,1,2,2,,13,15,,,3
67,2023-05-03 11:29:26.431472+05:45,2080-01-20,PURCHASE,CASH,PU,-,79/80,67,PU-79/80-0067,132000.00,0.00,0.00,132000.00,0.00,132000.00,0.00,132000.00,0.00,,2023-05-03,2080-01-20,,,,,1,2,2,,13,15,,,1
68,2023-05-03 12:07:43.189245+05:45,2080-01-20,PURCHASE,CASH,PU,-,79/80,68,PU-79/80-0068,600.00,0.00,0.00,600.00,0.00,600.00,0.00,600.00,0.00,,2023-05-03,2080-01-20,,,,,1,2,2,,13,15,,,3
69,2023-05-03 12:31:02.504735+05:45,2080-01-20,PURCHASE,CASH,PU,-,79/80,69,PU-79/80-0069,7700.00,0.00,0.00,7700.00,0.00,7700.00,0.00,7700.00,0.00,,2023-05-03,2080-01-20,,,,,1,2,2,,13,15,,,1
70,2023-05-03 12:38:28.739380+05:45,2080-01-20,PURCHASE,CASH,PU,-,79/80,70,PU-79/80-0070,300.00,0.00,0.00,300.00,0.00,300.00,0.00,300.00,0.00,,2023-05-03,2080-01-20,,,,,1,2,2,,13,15,,,1
71,2023-05-03 12:55:56.917923+05:45,2080-01-20,PURCHASE,CASH,PU,-,79/80,71,PU-79/80-0071,8500.00,0.00,0.00,8500.00,0.00,8500.00,0.00,8500.00,0.00,,2023-05-03,2080-01-20,,,,,1,2,2,,13,15,,,2
72,2023-05-03 14:23:27.794105+05:45,2080-01-20,PURCHASE,CASH,PU,-,79/80,72,PU-79/80-0072,457.50,0.00,0.00,457.50,0.00,457.50,0.00,458.00,0.50,,2023-05-03,2080-01-20,,,,,1,2,2,,13,15,,,1
73,2023-05-03 14:45:54.025805+05:45,2080-01-20,PURCHASE,CASH,PU,-,79/80,73,PU-79/80-0073,5132.50,0.00,0.00,5132.50,0.00,5132.50,0.00,5133.00,0.50,,2023-05-03,2080-01-20,,,,,1,2,2,,13,15,,,1
74,2023-05-03 14:54:12.063794+05:45,2080-01-20,PURCHASE,CASH,PU,-,79/80,74,PU-79/80-0074,192000.00,0.00,0.00,192000.00,0.00,192000.00,0.00,192000.00,0.00,,2023-05-03,2080-01-20,,,,,1,2,2,,13,15,,,1
75,2023-05-03 15:29:07.745143+05:45,2080-01-20,PURCHASE,CASH,PU,-,79/80,75,PU-79/80-0075,990.00,0.00,0.00,990.00,0.00,990.00,0.00,990.00,0.00,,2023-05-03,2080-01-20,,,,,1,2,2,,13,15,,,1
76,2023-05-03 15:36:55.787133+05:45,2080-01-20,PURCHASE,CASH,PU,-,79/80,76,PU-79/80-0076,3150.00,0.00,0.00,3150.00,0.00,3150.00,0.00,3150.00,0.00,,2023-05-03,2080-01-20,,,,,1,2,2,,13,15,,,1
77,2023-05-03 15:58:00.726658+05:45,2080-01-20,PURCHASE,CASH,PU,-,79/80,77,PU-79/80-0077,1000.00,0.00,0.00,1000.00,0.00,1000.00,0.00,1000.00,0.00,,2023-05-03,2080-01-20,,,,,1,2,2,,13,15,,,2
78,2023-05-03 16:21:43.279685+05:45,2080-01-20,PURCHASE,CASH,PU,-,79/80,78,PU-79/80-0078,1120.00,0.00,0.00,1120.00,0.00,1120.00,0.00,1120.00,0.00,,2023-05-03,2080-01-20,,,,,1,2,2,,13,15,,,3
79,2023-05-03 17:28:50.511162+05:45,2080-01-20,PURCHASE,CASH,PU,-,79/80,79,PU-79/80-0079,1897.44,0.00,0.00,1897.44,0.00,1897.44,0.00,1897.00,-0.44,,2023-05-03,2080-01-20,,,,,1,2,2,,13,15,,,3
80,2023-05-03 17:45:24.919548+05:45,2080-01-20,PURCHASE,CASH,PU,-,79/80,80,PU-79/80-0080,4797.44,0.00,0.00,4797.44,0.00,4797.44,0.00,4797.00,-0.44,,2023-05-03,2080-01-20,,,,,1,2,2,,13,15,,,3
81,2023-05-03 17:51:40.399168+05:45,2080-01-20,PURCHASE,CASH,PU,-,79/80,81,PU-79/80-0081,4797.44,0.00,0.00,4797.44,0.00,4797.44,0.00,4797.00,-0.44,,2023-05-03,2080-01-20,,,,,1,2,2,,13,15,,,3
82,2023-05-03 17:53:33.944736+05:45,2080-01-20,PURCHASE,CASH,PU,-,79/80,82,PU-79/80-0082,7047.44,0.00,0.00,7047.44,0.00,7047.44,0.00,7047.00,-0.44,,2023-05-03,2080-01-20,,,,,1,2,2,,13,15,,,3
83,2023-05-03 19:26:59.356017+05:45,2080-01-20,PURCHASE,CASH,PU,-,79/80,83,PU-79/80-0083,4928.00,0.00,0.00,4928.00,0.00,4928.00,0.00,4928.00,0.00,,2023-05-03,2080-01-20,,,,,1,2,2,,13,15,,,3
84,2023-05-03 19:32:53.531557+05:45,2080-01-20,PURCHASE,CASH,PU,-,79/80,84,PU-79/80-0084,4978.00,0.00,0.00,4978.00,0.00,4978.00,0.00,4978.00,0.00,,2023-05-03,2080-01-20,,,,,1,2,2,,13,15,,,3
85,2023-05-04 11:02:26.700698+05:45,2080-01-21,PURCHASE,CASH,PU,-,79/80,85,PU-79/80-0085,26935.95,0.00,0.00,26935.95,0.00,26935.95,0.00,26936.00,0.05,EASR0003416,2023-05-04,2080-01-21,,,,,1,2,2,,13,15,,,2
86,2023-05-04 12:14:26.698228+05:45,2080-01-21,PURCHASE,CASH,PU,-,79/80,86,PU-79/80-0086,19386.00,0.00,0.00,19386.00,0.00,19386.00,0.00,19386.00,0.00,,2023-05-04,2080-01-21,,,,,1,5,2,,13,15,,,1
87,2023-05-04 12:37:27.788264+05:45,2080-01-21,PURCHASE,CASH,PU,-,79/80,87,PU-79/80-0087,75.00,0.00,0.00,75.00,0.00,75.00,0.00,75.00,0.00,,2023-05-04,2080-01-21,,,,,1,5,2,,13,15,,,1
88,2023-05-04 15:41:40.816245+05:45,2080-01-21,PURCHASE,CASH,PU,-,79/80,88,PU-79/80-0088,4750.00,0.00,0.00,4750.00,0.00,4750.00,0.00,4750.00,0.00,,2023-05-04,2080-01-21,,,,,1,5,2,,13,15,,,3
89,2023-05-04 17:12:53.090889+05:45,2080-01-21,PURCHASE,CASH,PU,-,79/80,89,PU-79/80-0089,125.00,0.00,0.00,125.00,0.00,125.00,0.00,125.00,0.00,,2023-05-04,2080-01-21,,,,,1,5,2,,13,15,,,1
90,2023-05-04 17:35:15.769565+05:45,2080-01-21,PURCHASE,CASH,PU,-,79/80,90,PU-79/80-0090,5500.00,0.00,0.00,5500.00,0.00,5500.00,0.00,5500.00,0.00,,2023-05-04,2080-01-21,,,,,1,5,2,,13,15,,,2
91,2023-05-05 11:39:22.586110+05:45,2080-01-22,PURCHASE,CASH,PU,-,79/80,91,PU-79/80-0091,75276.80,0.00,0.00,75276.80,0.00,75276.80,0.00,75277.00,0.20,EASR0003441,2023-05-03,2080-01-20,,,,,1,5,2,,13,15,,,2
92,2023-05-05 16:13:24.050128+05:45,2080-01-22,PURCHASE,CASH,PU,-,79/80,92,PU-79/80-0092,2200.00,0.00,0.00,2200.00,0.00,2200.00,0.00,2200.00,0.00,,2023-05-05,2080-01-22,,,,,1,5,2,,13,15,,,3
93,2023-05-06 09:33:58.281971+05:45,2080-01-23,PURCHASE,CASH,PU,-,79/80,93,PU-79/80-0093,285.00,0.00,0.00,285.00,0.00,285.00,0.00,285.00,0.00,,2023-05-06,2080-01-23,,,,,1,5,2,,13,15,,,1
94,2023-05-06 13:23:11.242671+05:45,2080-01-23,PURCHASE,CASH,PU,-,79/80,94,PU-79/80-0094,14400.00,0.00,0.00,14400.00,0.00,14400.00,0.00,14400.00,0.00,,2023-05-06,2080-01-23,,,,,1,5,2,,13,15,,,3
95,2023-05-06 14:06:07.878346+05:45,2080-01-23,PURCHASE,CASH,PU,-,79/80,95,PU-79/80-0095,26100.00,0.00,0.00,26100.00,0.00,26100.00,0.00,26100.00,0.00,,2023-05-06,2080-01-23,,,,,1,5,2,,13,15,,,2
96,2023-05-06 14:34:00.062729+05:45,2080-01-23,PURCHASE,CASH,PU,-,79/80,96,PU-79/80-0096,26950.00,0.00,0.00,26950.00,0.00,26950.00,0.00,26950.00,0.00,,2023-05-06,2080-01-23,,,,,1,5,2,,13,15,,,3
97,2023-05-06 16:04:02.044755+05:45,2080-01-23,PURCHASE,CASH,PU,-,79/80,97,PU-79/80-0097,1200.00,0.00,0.00,1200.00,0.00,1200.00,0.00,1200.00,0.00,,2023-05-06,2080-01-23,,,,,1,5,2,,13,15,,,3
98,2023-05-06 19:04:10.586518+05:45,2080-01-23,PURCHASE,CASH,PU,-,79/80,98,PU-79/80-0098,290.16,0.00,0.00,290.16,0.00,290.16,0.00,290.00,-0.16,,2023-05-06,2080-01-23,,,,,1,5,2,,13,15,,,3
99,2023-05-07 11:23:40.306374+05:45,2080-01-24,PURCHASE,CASH,PU,-,79/80,99,PU-79/80-0099,650.00,0.00,0.00,650.00,0.00,650.00,0.00,650.00,0.00,,2023-05-07,2080-01-24,,,,,1,5,2,,13,15,,,3
100,2023-05-07 11:43:07.821948+05:45,2080-01-24,PURCHASE,CASH,PU,-,79/80,100,PU-79/80-0100,1650.00,0.00,0.00,1650.00,0.00,1650.00,0.00,1650.00,0.00,,2023-05-07,2080-01-24,,,,,1,5,2,,13,15,,,1
101,2023-05-07 14:49:32.491168+05:45,2080-01-24,PURCHASE,CASH,PU,-,79/80,101,PU-79/80-0101,3300.00,0.00,0.00,3300.00,0.00,3300.00,0.00,3300.00,0.00,,2023-05-07,2080-01-24,,,,,1,5,2,,13,15,,,3
102,2023-05-07 15:42:45.306364+05:45,2080-01-24,PURCHASE,CASH,PU,-,79/80,102,PU-79/80-0102,3515.00,0.00,0.00,3515.00,0.00,3515.00,0.00,3515.00,0.00,,2023-05-07,2080-01-24,,,,,1,5,2,,13,15,,,3
103,2023-05-07 17:36:27.846296+05:45,2080-01-24,PURCHASE,CASH,PU,-,79/80,103,PU-79/80-0103,10515.00,0.00,0.00,10515.00,0.00,10515.00,0.00,10515.00,0.00,,2023-05-07,2080-01-24,,,,,1,5,2,,13,15,,,3
104,2023-05-07 17:43:22.547089+05:45,2080-01-24,PURCHASE,CASH,PU,-,79/80,104,PU-79/80-0104,12515.00,0.00,0.00,12515.00,0.00,12515.00,0.00,12515.00,0.00,,2023-05-07,2080-01-24,,,,,1,5,2,,13,15,,,3
105,2023-05-07 18:24:25.025768+05:45,2080-01-24,PURCHASE,CASH,PU,-,79/80,105,PU-79/80-0105,600.00,0.00,0.00,600.00,0.00,600.00,0.00,600.00,0.00,,2023-05-07,2080-01-24,,,,,1,5,2,,13,15,,,2
106,2023-05-07 18:56:25.563962+05:45,2080-01-24,PURCHASE,CASH,PU,-,79/80,106,PU-79/80-0106,12735.00,0.00,0.00,12735.00,0.00,12735.00,0.00,12735.00,0.00,,2023-05-07,2080-01-24,,,,,1,5,2,,13,15,,,1
107,2023-05-08 11:54:17.052547+05:45,2080-01-25,PURCHASE,CREDIT,PU,-,79/80,107,PU-79/80-0107,1410.00,0.00,0.00,1410.00,0.00,1410.00,0.00,1410.00,0.00,,2023-05-08,2080-01-25,,,,,1,5,2,,13,15,,,3
108,2023-05-08 13:35:48.478056+05:45,2080-01-25,PURCHASE,CASH,PU,-,79/80,108,PU-79/80-0108,3600.00,0.00,0.00,3600.00,0.00,3600.00,0.00,3600.00,0.00,,2023-05-08,2080-01-25,,,,,1,5,2,,13,15,,,2
109,2023-05-08 14:32:32.522180+05:45,2080-01-25,PURCHASE,CASH,PU,-,79/80,109,PU-79/80-0109,600.00,0.00,0.00,600.00,0.00,600.00,0.00,600.00,0.00,,2023-05-08,2080-01-25,,,,,1,5,2,,13,15,,,1
110,2023-05-08 14:42:21.302089+05:45,2080-01-25,PURCHASE,CASH,PU,-,79/80,110,PU-79/80-0110,840.00,0.00,0.00,840.00,0.00,840.00,0.00,840.00,0.00,,2023-05-08,2080-01-25,,,,,1,5,2,,13,15,,,1
111,2023-05-08 14:52:50.597787+05:45,2080-01-25,PURCHASE,CASH,PU,-,79/80,111,PU-79/80-0111,31080.00,0.00,0.00,31080.00,0.00,31080.00,0.00,31080.00,0.00,,2023-05-08,2080-01-25,,,,,1,5,2,,13,15,,,3
112,2023-05-08 15:02:51.421427+05:45,2080-01-25,PURCHASE,CASH,PU,-,79/80,112,PU-79/80-0112,33680.00,0.00,0.00,33680.00,0.00,33680.00,0.00,33680.00,0.00,,2023-05-08,2080-01-25,,,,,1,5,2,,13,15,,,1
113,2023-05-08 16:05:29.493089+05:45,2080-01-25,PURCHASE,CASH,PU,-,79/80,113,PU-79/80-0113,3625.00,0.00,0.00,3625.00,0.00,3625.00,0.00,3625.00,0.00,,2023-05-08,2080-01-25,,,,,1,5,2,,13,15,,,3
114,2023-05-08 16:13:00.817723+05:45,2080-01-25,PURCHASE,CASH,PU,-,79/80,114,PU-79/80-0114,7025.00,0.00,0.00,7025.00,0.00,7025.00,0.00,7025.00,0.00,,2023-05-08,2080-01-25,,,,,1,5,2,,13,15,,,1
115,2023-05-08 17:03:37.876821+05:45,2080-01-25,PURCHASE,CASH,PU,-,79/80,115,PU-79/80-0115,560.00,0.00,0.00,560.00,0.00,560.00,0.00,560.00,0.00,,2023-05-08,2080-01-25,,,,,1,5,2,,13,15,,,1
116,2023-05-09 11:23:09.728586+05:45,2080-01-26,PURCHASE,CASH,PU,-,79/80,116,PU-79/80-0116,1100.00,0.00,0.00,1100.00,0.00,1100.00,0.00,1100.00,0.00,,2023-05-09,2080-01-26,,,,,1,5,2,,13,15,,,2
117,2023-05-09 12:22:56.965854+05:45,2080-01-26,PURCHASE,CASH,PU,-,79/80,117,PU-79/80-0117,1600.00,0.00,0.00,1600.00,0.00,1600.00,0.00,1600.00,0.00,,2023-05-09,2080-01-26,,,,,1,5,2,,13,15,,,3
118,2023-05-09 13:50:03.443532+05:45,2080-01-26,PURCHASE,CASH,PU,-,79/80,118,PU-79/80-0118,3888.00,0.00,0.00,3888.00,0.00,3888.00,0.00,3888.00,0.00,,2023-05-09,2080-01-26,,,,,1,5,2,,13,15,,,2
119,2023-05-09 14:36:20.808264+05:45,2080-01-26,PURCHASE,CASH,PU,-,79/80,119,PU-79/80-0119,4888.00,0.00,0.00,4888.00,0.00,4888.00,0.00,4888.00,0.00,,2023-05-09,2080-01-26,,,,,1,5,2,,13,15,,,3
120,2023-05-09 14:57:39.175743+05:45,2080-01-26,PURCHASE,CASH,PU,-,79/80,120,PU-79/80-0120,6988.00,0.00,0.00,6988.00,0.00,6988.00,0.00,6988.00,0.00,,2023-05-09,2080-01-26,,,,,1,5,2,,13,15,,,2
121,2023-05-09 15:19:57.935947+05:45,2080-01-26,PURCHASE,CASH,PU,-,79/80,121,PU-79/80-0121,3950.00,0.00,0.00,3950.00,0.00,3950.00,0.00,3950.00,0.00,,2023-05-09,2080-01-26,,,,,1,5,2,,13,15,,,3
122,2023-05-09 15:54:17.654316+05:45,2080-01-26,PURCHASE,CASH,PU,-,79/80,122,PU-79/80-0122,11930.00,0.00,0.00,11930.00,0.00,11930.00,0.00,11930.00,0.00,,2023-05-09,2080-01-26,,,,,1,5,2,,13,15,,,3
123,2023-05-10 11:42:06.881085+05:45,2080-01-27,PURCHASE,CASH,PU,-,79/80,123,PU-79/80-0123,8000.00,0.00,0.00,8000.00,0.00,8000.00,0.00,8000.00,0.00,,2023-05-10,2080-01-27,,,,,1,5,2,,13,15,,,3
124,2023-05-10 12:38:58.329308+05:45,2080-01-27,PURCHASE,CASH,PU,-,79/80,124,PU-79/80-0124,2007.00,0.00,0.00,2007.00,0.00,2007.00,0.00,2007.00,0.00,,2023-05-10,2080-01-27,,,,,1,5,2,,13,15,,,3
125,2023-05-10 12:49:29.006738+05:45,2080-01-27,PURCHASE,CASH,PU,-,79/80,125,PU-79/80-0125,5307.00,0.00,0.00,5307.00,0.00,5307.00,0.00,5307.00,0.00,,2023-05-10,2080-01-27,,,,,1,5,2,,13,15,,,3
126,2023-05-10 14:02:42.452282+05:45,2080-01-27,PURCHASE,CASH,PU,-,79/80,126,PU-79/80-0126,5532.00,0.00,0.00,5532.00,0.00,5532.00,0.00,5532.00,0.00,,2023-05-10,2080-01-27,,,,,1,5,2,,13,15,,,1
127,2023-05-10 14:09:10.037722+05:45,2080-01-27,PURCHASE,CREDIT,PU,-,79/80,127,PU-79/80-0127,6140.88,0.00,0.00,6140.88,0.00,6140.88,0.00,6141.00,0.12,,2023-05-10,2080-01-27,,,,,1,5,2,,13,15,,,1
128,2023-05-10 15:12:48.134326+05:45,2080-01-27,PURCHASE,CASH,PU,-,79/80,128,PU-79/80-0128,7240.88,0.00,0.00,7240.88,0.00,7240.88,0.00,7241.00,0.12,,2023-05-10,2080-01-27,,,,,1,5,2,,13,15,,,3
129,2023-05-11 12:59:09.531925+05:45,2080-01-28,PURCHASE,CASH,PU,-,79/80,129,PU-79/80-0129,275.00,25.00,9.09,275.00,0.00,250.00,0.00,250.00,0.00,3720928021713,2023-05-07,2080-01-24,,,,,1,5,2,,13,15,,,7
130,2023-05-11 12:59:55.392732+05:45,2080-01-28,PURCHASE,CASH,PU,-,79/80,130,PU-79/80-0130,275.00,0.00,0.00,275.00,0.00,275.00,0.00,275.00,0.00,,2023-05-11,2080-01-28,,,,,1,5,2,,13,15,,,6
131,2023-05-11 13:04:12.917038+05:45,2080-01-28,RETURN,CASH,PR,-,79/80,1,PR-79/80-0001,275.00,0.00,0.00,275.00,0.00,275.00,0.00,275.00,0.00,,2023-05-11,2080-01-28,,,,tt,1,5,2,,13,15,130.0,,6
132,2023-05-11 13:36:16.432311+05:45,2080-01-28,PURCHASE,CASH,PU,-,79/80,131,PU-79/80-0131,72141.00,0.00,0.00,72141.00,0.00,72141.00,0.00,72141.00,0.00,132,2023-05-02,2080-01-19,,,,,1,5,2,,13,15,,,6
133,2023-05-11 15:14:47.080695+05:45,2080-01-28,PURCHASE,CASH,PU,-,79/80,132,PU-79/80-0132,7500.00,0.00,0.00,7500.00,0.00,7500.00,0.00,7500.00,0.00,,2023-05-11,2080-01-28,,,,,1,5,2,,13,15,,,3
134,2023-05-11 15:36:30.400221+05:45,2080-01-28,PURCHASE,CASH,PU,-,79/80,133,PU-79/80-0133,8100.00,0.00,0.00,8100.00,0.00,8100.00,0.00,8100.00,0.00,,2023-05-11,2080-01-28,,,,,1,5,2,,13,15,,,6
135,2023-05-11 15:47:53.889209+05:45,2080-01-28,PURCHASE,CASH,PU,-,79/80,134,PU-79/80-0134,9200.00,0.00,0.00,9200.00,0.00,9200.00,0.00,9200.00,0.00,,2023-05-11,2080-01-28,,,,,1,5,2,,13,15,,,6
136,2023-05-11 17:21:42.565709+05:45,2080-01-28,PURCHASE,CASH,PU,-,79/80,135,PU-79/80-0135,30496.70,0.00,0.00,30496.70,0.00,30496.70,0.00,30497.00,0.30,,2023-05-11,2080-01-28,,,,,1,5,2,,13,15,,,3
137,2023-05-11 19:02:45.095949+05:45,2080-01-28,PURCHASE,CASH,PU,-,79/80,136,PU-79/80-0136,259550.00,0.00,0.00,259550.00,0.00,259550.00,0.00,259550.00,0.00,131,2023-05-02,2080-01-19,,,,,1,5,2,,13,15,,,6
138,2023-05-12 11:46:07.855799+05:45,2080-01-29,PURCHASE,CASH,PU,-,79/80,137,PU-79/80-0137,2156.00,0.00,0.00,2156.00,0.00,2156.00,0.00,2156.00,0.00,,2023-05-12,2080-01-29,,,,,1,5,2,,13,15,,,5
139,2023-05-12 12:06:55.269367+05:45,2080-01-29,PURCHASE,CASH,PU,-,79/80,138,PU-79/80-0138,2906.00,0.00,0.00,2906.00,0.00,2906.00,0.00,2906.00,0.00,,2023-05-12,2080-01-29,,,,,1,5,2,,13,15,,,3
140,2023-05-12 13:36:31.560270+05:45,2080-01-29,PURCHASE,CASH,PU,-,79/80,139,PU-79/80-0139,40343.00,0.00,0.00,40343.00,0.00,40343.00,0.00,40343.00,0.00,126,2023-04-25,2080-01-12,,,,,1,5,2,,13,15,,,8
141,2023-05-12 14:05:00.946155+05:45,2080-01-29,PURCHASE,CASH,PU,-,79/80,140,PU-79/80-0140,8500.00,0.00,0.00,8500.00,0.00,8500.00,0.00,8500.00,0.00,415,2023-04-19,2080-01-06,,,,,1,5,2,,13,15,,,9
142,2023-05-12 15:05:23.757948+05:45,2080-01-29,PURCHASE,CASH,PU,-,79/80,141,PU-79/80-0141,128265.00,0.00,0.00,128265.00,0.00,128265.00,0.00,128265.00,0.00,130,2023-05-12,2080-01-29,,,,,1,5,2,,13,15,,,6
143,2023-05-12 17:15:09.851721+05:45,2080-01-29,PURCHASE,CASH,PU,-,79/80,142,PU-79/80-0142,155275.00,0.00,0.00,155275.00,0.00,155275.00,0.00,155275.00,0.00,151,2023-05-10,2080-01-27,,,,,1,5,2,,13,15,,,6
144,2023-05-12 17:23:41.494615+05:45,2080-01-29,PURCHASE,CASH,PU,-,79/80,143,PU-79/80-0143,26835.00,0.00,0.00,26835.00,0.00,26835.00,0.00,26835.00,0.00,152,2023-05-12,2080-01-29,,,,,1,5,2,,13,15,,,6
145,2023-05-12 17:27:59.325335+05:45,2080-01-29,PURCHASE,CASH,PU,-,79/80,144,PU-79/80-0144,4881.60,0.00,0.00,4881.60,0.00,4881.60,0.00,4882.00,0.40,154,2023-05-12,2080-01-29,,,,,1,5,2,,13,15,,,6
146,2023-05-13 14:08:21.077554+05:45,2080-01-30,PURCHASE,CASH,PU,-,79/80,145,PU-79/80-0145,2625.00,0.00,0.00,2625.00,0.00,2625.00,0.00,2625.00,0.00,,2023-05-13,2080-01-30,,,,,1,5,2,,13,15,,,1
147,2023-05-13 16:50:55.736795+05:45,2080-01-30,PURCHASE,CASH,PU,-,79/80,146,PU-79/80-0146,27575.00,0.00,0.00,27575.00,0.00,27575.00,0.00,27575.00,0.00,,2023-05-13,2080-01-30,,,,,1,5,2,,13,15,,,1
148,2023-05-13 17:40:51.569454+05:45,2080-01-30,PURCHASE,CASH,PU,-,79/80,147,PU-79/80-0147,3000.00,0.00,0.00,3000.00,0.00,3000.00,0.00,3000.00,0.00,,2023-05-13,2080-01-30,,,,,1,5,2,,13,15,,,1
149,2023-05-14 13:21:40.962875+05:45,2080-01-31,PURCHASE,CASH,PU,-,79/80,148,PU-79/80-0148,50000.00,0.00,0.00,50000.00,0.00,50000.00,0.00,50000.00,0.00,,2023-05-14,2080-01-31,,,,,1,5,2,,13,15,,,1
150,2023-05-15 11:31:31.485067+05:45,2080-02-01,PURCHASE,CASH,PU,-,79/80,149,PU-79/80-0149,25000.00,0.00,0.00,25000.00,0.00,25000.00,0.00,25000.00,0.00,,2023-05-15,2080-02-01,,,,,1,5,2,,13,15,,,1
151,2023-05-15 12:54:40.500128+05:45,2080-02-01,PURCHASE,CASH,PU,-,79/80,150,PU-79/80-0150,716.00,0.00,0.00,716.00,0.00,716.00,0.00,716.00,0.00,,2023-05-15,2080-02-01,,,,,1,5,2,,13,15,,,1
152,2023-05-15 13:33:37.858718+05:45,2080-02-01,PURCHASE,CASH,PU,-,79/80,151,PU-79/80-0151,3306.00,0.00,0.00,3306.00,0.00,3306.00,0.00,3306.00,0.00,,2023-05-15,2080-02-01,,,,,1,5,2,,13,15,,,3
153,2023-05-15 14:01:29.833215+05:45,2080-02-01,PURCHASE,CASH,PU,-,79/80,152,PU-79/80-0152,1700.00,0.00,0.00,1700.00,0.00,1700.00,0.00,1700.00,0.00,,2023-05-15,2080-02-01,,,,,1,5,2,,13,15,,,1
154,2023-05-15 14:15:30.978063+05:45,2080-02-01,PURCHASE,CASH,PU,-,79/80,153,PU-79/80-0153,1967.50,0.00,0.00,1967.50,0.00,1967.50,0.00,1968.00,0.50,,2023-05-15,2080-02-01,,,,,1,5,2,,13,15,,,2
155,2023-05-15 16:31:23.261152+05:45,2080-02-01,PURCHASE,CASH,PU,-,79/80,154,PU-79/80-0154,800.00,0.00,0.00,800.00,0.00,800.00,0.00,800.00,0.00,,2023-05-15,2080-02-01,,,,,1,5,2,,13,15,,,1
156,2023-05-16 11:37:18.064451+05:45,2080-02-02,PURCHASE,CASH,PU,-,79/80,155,PU-79/80-0155,400.00,0.00,0.00,400.00,0.00,400.00,0.00,400.00,0.00,,2023-05-16,2080-02-02,,,,,1,5,2,,13,15,,,5
157,2023-05-16 15:07:04.646392+05:45,2080-02-02,PURCHASE,CASH,PU,-,79/80,156,PU-79/80-0156,406.00,0.00,0.00,406.00,0.00,406.00,0.00,406.00,0.00,,2023-05-16,2080-02-02,,,,,1,5,2,,13,15,,,1
158,2023-05-18 13:01:52.137523+05:45,2080-02-04,PURCHASE,CASH,PU,-,79/80,157,PU-79/80-0157,3510.00,0.00,0.00,3510.00,0.00,3510.00,0.00,3510.00,0.00,,2023-05-18,2080-02-04,,,,,1,5,2,,13,15,,,1
159,2023-05-18 13:11:13.494016+05:45,2080-02-04,PURCHASE,CASH,PU,-,79/80,158,PU-79/80-0158,7010.00,0.00,0.00,7010.00,0.00,7010.00,0.00,7010.00,0.00,,2023-05-18,2080-02-04,,,,,1,5,2,,13,15,,,1
160,2023-05-18 14:01:52.993450+05:45,2080-02-04,PURCHASE,CASH,PU,-,79/80,159,PU-79/80-0159,8660.00,0.00,0.00,8660.00,0.00,8660.00,0.00,8660.00,0.00,,2023-05-18,2080-02-04,,,,,1,5,2,,13,15,,,1
161,2023-05-18 14:48:02.387433+05:45,2080-02-04,PURCHASE,CASH,PU,-,79/80,160,PU-79/80-0160,11990.00,0.00,0.00,11990.00,0.00,11990.00,0.00,11990.00,0.00,,2023-05-18,2080-02-04,,,,,1,5,2,,13,15,,,1
162,2023-05-18 17:24:22.419184+05:45,2080-02-04,PURCHASE,CASH,PU,-,79/80,161,PU-79/80-0161,103438.15,0.00,0.00,103438.15,0.00,103438.15,0.00,103438.00,-0.15,easr0003601,2023-05-14,2080-01-31,,,,,1,5,2,,13,15,,,2
163,2023-05-18 17:50:44.454414+05:45,2080-02-04,PURCHASE,CASH,PU,-,79/80,162,PU-79/80-0162,1190.00,0.00,0.00,1190.00,0.00,1190.00,0.00,1190.00,0.00,,2023-05-18,2080-02-04,,,,,1,5,2,,13,15,,,1
164,2023-05-19 15:48:16.375503+05:45,2080-02-05,PURCHASE,CASH,PU,-,79/80,163,PU-79/80-0163,2400.00,0.00,0.00,2400.00,0.00,2400.00,0.00,2400.00,0.00,,2023-05-19,2080-02-05,,,,,1,5,2,,13,15,,,1
165,2023-05-20 13:52:18.132671+05:45,2080-02-06,PURCHASE,CASH,PU,-,79/80,164,PU-79/80-0164,600.00,0.00,0.00,600.00,0.00,600.00,0.00,600.00,0.00,,2023-05-20,2080-02-06,,,,,1,5,2,,13,15,,,2
166,2023-05-21 12:39:27.521983+05:45,2080-02-07,PURCHASE,CASH,PU,-,79/80,165,PU-79/80-0165,800.00,0.00,0.00,800.00,0.00,800.00,0.00,800.00,0.00,,2023-05-21,2080-02-07,,,,,1,5,2,,13,15,,,1
167,2023-05-21 14:45:34.434352+05:45,2080-02-07,PURCHASE,CASH,PU,-,79/80,166,PU-79/80-0166,839.20,0.00,0.00,839.20,0.00,839.20,0.00,839.00,-0.20,,2023-05-21,2080-02-07,,,,,1,5,2,,13,15,,,1
168,2023-05-21 14:51:42.876578+05:45,2080-02-07,PURCHASE,CASH,PU,-,79/80,167,PU-79/80-0167,1600.00,0.00,0.00,1600.00,0.00,1600.00,0.00,1600.00,0.00,,2023-05-21,2080-02-07,,,,,1,5,2,,13,15,,,4
169,2023-05-21 16:05:21.971795+05:45,2080-02-07,PURCHASE,CASH,PU,-,79/80,168,PU-79/80-0168,1700.00,0.00,0.00,1700.00,0.00,1700.00,0.00,1700.00,0.00,,2023-05-21,2080-02-07,,,,,1,5,2,,13,15,,,2
170,2023-05-21 16:13:50.618197+05:45,2080-02-07,PURCHASE,CASH,PU,-,79/80,169,PU-79/80-0169,5200.00,0.00,0.00,5200.00,0.00,5200.00,0.00,5200.00,0.00,,2023-05-21,2080-02-07,,,,,1,5,2,,13,15,,,4
171,2023-05-22 09:11:26.376661+05:45,2080-02-08,PURCHASE,CASH,PU,-,79/80,170,PU-79/80-0170,111440.00,0.00,0.00,111440.00,0.00,111440.00,0.00,111440.00,0.00,,2023-05-22,2080-02-08,,,,,1,5,2,,13,15,,,6
172,2023-05-22 12:12:56.616207+05:45,2080-02-08,PURCHASE,CREDIT,PU,-,79/80,171,PU-79/80-0171,25693.10,0.00,0.00,25693.10,0.00,25693.10,0.00,25693.00,-0.10,Easr0003687,2023-05-22,2080-02-08,,,,,1,5,2,,13,15,,,2
173,2023-05-22 13:27:29.034521+05:45,2080-02-08,PURCHASE,CASH,PU,-,79/80,172,PU-79/80-0172,23706.60,0.00,0.00,23706.60,0.00,23706.60,0.00,23707.00,0.40,,,2080-02-08,,,,,1,5,2,,13,15,,,1
174,2023-05-22 14:27:12.931000+05:45,2080-02-08,PURCHASE,CASH,PU,-,79/80,173,PU-79/80-0173,1700.00,0.00,0.00,1700.00,0.00,1700.00,0.00,1700.00,0.00,,2023-05-22,2080-02-08,,,,,1,5,2,,13,15,,,2
175,2023-05-22 16:31:36.429921+05:45,2080-02-08,PURCHASE,CASH,PU,-,79/80,174,PU-79/80-0174,1240.00,0.00,0.00,1240.00,0.00,1240.00,0.00,1240.00,0.00,,2023-05-22,2080-02-08,,,,,1,5,2,,13,15,,,1
176,2023-05-23 12:03:50.229777+05:45,2080-02-09,PURCHASE,CASH,PU,-,79/80,175,PU-79/80-0175,18550.00,0.00,0.00,18550.00,0.00,18550.00,0.00,18550.00,0.00,,2023-05-23,2080-02-09,,,,,1,5,2,,13,15,,,4
177,2023-05-23 16:14:32.312630+05:45,2080-02-09,PURCHASE,CASH,PU,-,79/80,176,PU-79/80-0176,7500.00,0.00,0.00,7500.00,0.00,7500.00,0.00,7500.00,0.00,,2023-05-23,2080-02-09,,,,,1,5,2,,13,15,,,6
178,2023-05-24 14:22:06.838566+05:45,2080-02-10,PURCHASE,CASH,PU,-,79/80,177,PU-79/80-0177,750.00,0.00,0.00,750.00,0.00,750.00,0.00,750.00,0.00,,2023-05-24,2080-02-10,,,,,1,5,2,,13,15,,,1
179,2023-05-25 12:34:05.197358+05:45,2080-02-11,PURCHASE,CASH,PU,-,79/80,178,PU-79/80-0178,400.00,0.00,0.00,400.00,0.00,400.00,0.00,400.00,0.00,,2023-05-25,2080-02-11,,,,,1,5,2,,13,15,,,1
180,2023-05-25 13:00:29.789233+05:45,2080-02-11,PURCHASE,CASH,PU,-,79/80,179,PU-79/80-0179,800.00,0.00,0.00,800.00,0.00,800.00,0.00,800.00,0.00,,2023-05-25,2080-02-11,,,,,1,5,2,,13,15,,,2
181,2023-05-25 14:08:13.498045+05:45,2080-02-11,PURCHASE,CASH,PU,-,79/80,180,PU-79/80-0180,8800.00,0.00,0.00,8800.00,0.00,8800.00,0.00,8800.00,0.00,,2023-05-25,2080-02-11,,,,,1,5,2,,13,15,,,6
182,2023-05-25 15:14:54.712895+05:45,2080-02-11,PURCHASE,CASH,PU,-,79/80,181,PU-79/80-0181,690.00,0.00,0.00,690.00,0.00,690.00,0.00,690.00,0.00,,2023-05-25,2080-02-11,,,,,1,5,2,,13,15,,,1
183,2023-05-25 18:14:36.254363+05:45,2080-02-11,PURCHASE,CASH,PU,-,79/80,182,PU-79/80-0182,420.00,0.00,0.00,420.00,0.00,420.00,0.00,420.00,0.00,,2023-05-25,2080-02-11,,,,,1,5,2,,13,15,,,1
184,2023-05-25 19:30:09.972887+05:45,2080-02-11,PURCHASE,CASH,PU,-,79/80,183,PU-79/80-0183,1580.00,0.00,0.00,1580.00,0.00,1580.00,0.00,1580.00,0.00,,2023-05-25,2080-02-11,,,,,1,5,2,,13,15,,,1
185,2023-05-26 11:11:02.322899+05:45,2080-02-12,PURCHASE,CASH,PU,-,79/80,184,PU-79/80-0184,250.00,0.00,0.00,250.00,0.00,250.00,0.00,250.00,0.00,,2023-05-26,2080-02-12,,,,,1,5,2,,13,15,,,1
186,2023-05-26 15:53:45.181356+05:45,2080-02-12,PURCHASE,CASH,PU,-,79/80,185,PU-79/80-0185,960.00,0.00,0.00,960.00,0.00,960.00,0.00,960.00,0.00,,2023-05-26,2080-02-12,,,,,1,5,2,,13,15,,,1
187,2023-05-26 16:57:43.198865+05:45,2080-02-12,PURCHASE,CASH,PU,-,79/80,186,PU-79/80-0186,18655.20,0.00,0.00,18655.20,0.00,18655.20,0.00,18655.00,-0.20,,2023-05-26,2080-02-12,,,,,1,5,2,,13,15,,,1
188,2023-05-26 17:59:16.753950+05:45,2080-02-12,PURCHASE,CASH,PU,-,79/80,187,PU-79/80-0187,1500.00,0.00,0.00,1500.00,0.00,1500.00,0.00,1500.00,0.00,,2023-05-26,2080-02-12,,,,,1,5,2,,13,15,,,1
189,2023-05-27 16:53:16.433941+05:45,2080-02-13,PURCHASE,CASH,PU,-,79/80,188,PU-79/80-0188,600.00,0.00,0.00,600.00,0.00,600.00,0.00,600.00,0.00,,2023-05-27,2080-02-13,,,,,1,5,2,,13,15,,,1
190,2023-05-28 11:54:36.444164+05:45,2080-02-14,PURCHASE,CASH,PU,-,79/80,189,PU-79/80-0189,1100.00,0.00,0.00,1100.00,0.00,1100.00,0.00,1100.00,0.00,,2023-05-28,2080-02-14,,,,,1,5,2,,13,15,,,1
191,2023-05-28 13:35:34.147400+05:45,2080-02-14,PURCHASE,CASH,PU,-,79/80,190,PU-79/80-0190,3400.00,0.00,0.00,3400.00,0.00,3400.00,0.00,3400.00,0.00,,2023-05-28,2080-02-14,,,,,1,5,2,,13,15,,,1
192,2023-05-28 14:27:06.273052+05:45,2080-02-14,PURCHASE,CASH,PU,-,79/80,191,PU-79/80-0191,1875.00,0.00,0.00,1875.00,0.00,1875.00,0.00,1875.00,0.00,,2023-05-28,2080-02-14,,,,,1,5,2,,13,15,,,6
193,2023-05-28 14:36:20.845297+05:45,2080-02-14,PURCHASE,CASH,PU,-,79/80,192,PU-79/80-0192,5850.00,0.00,0.00,5850.00,0.00,5850.00,0.00,5850.00,0.00,,2023-05-28,2080-02-14,,,,,1,5,2,,13,15,,,1
194,2023-05-28 15:38:14.328434+05:45,2080-02-14,PURCHASE,CASH,PU,-,79/80,193,PU-79/80-0193,15400.00,0.00,0.00,15400.00,0.00,15400.00,0.00,15400.00,0.00,,2023-05-28,2080-02-14,,,,,1,5,2,,13,15,,,1
195,2023-05-28 22:39:20.866797+05:45,2080-02-14,PURCHASE,CASH,PU,-,79/80,194,PU-79/80-0194,2160.00,0.00,0.00,2160.00,0.00,2160.00,0.00,2160.00,0.00,,2023-05-28,2080-02-14,,,,,1,1,2,,13,15,,,1
196,2023-05-30 12:24:53.053049+05:45,2080-02-16,PURCHASE,CASH,PU,-,79/80,195,PU-79/80-0195,4000.00,0.00,0.00,4000.00,0.00,4000.00,0.00,4000.00,0.00,,2023-05-30,2080-02-16,,,,,1,5,2,,13,15,,,6
197,2023-05-30 15:56:39.147713+05:45,2080-02-16,PURCHASE,CASH,PU,-,79/80,196,PU-79/80-0196,1360.00,0.00,0.00,1360.00,0.00,1360.00,0.00,1360.00,0.00,,2023-05-30,2080-02-16,,,,,1,5,2,,13,15,,,1
198,2023-05-30 16:55:16.553168+05:45,2080-02-16,PURCHASE,CASH,PU,-,79/80,197,PU-79/80-0197,2160.00,0.00,0.00,2160.00,0.00,2160.00,0.00,2160.00,0.00,,2023-05-30,2080-02-16,,,,,1,5,2,,13,15,,,1
199,2023-05-31 15:46:52.767694+05:45,2080-02-17,PURCHASE,CASH,PU,-,79/80,198,PU-79/80-0198,47450.00,0.00,0.00,47450.00,0.00,47450.00,0.00,47450.00,0.00,,2023-05-31,2080-02-17,,,,,1,5,2,,13,15,,,6
200,2023-06-03 14:28:34.663442+05:45,2080-02-20,PURCHASE,CASH,PU,-,79/80,199,PU-79/80-0199,39416.70,0.00,0.00,39416.70,0.00,39416.70,0.00,39417.00,0.30,EASR0003883,2023-05-31,2080-02-17,,,,,1,5,2,,13,15,,,2
201,2023-06-03 18:59:00.995866+05:45,2080-02-20,PURCHASE,CASH,PU,-,79/80,200,PU-79/80-0200,204234.00,0.00,0.00,204234.00,0.00,204234.00,0.00,204234.00,0.00,168,2023-06-01,2080-02-18,,,,,1,5,2,,13,15,,,6
202,2023-06-03 19:38:40.857653+05:45,2080-02-20,PURCHASE,CREDIT,PU,-,79/80,201,PU-79/80-0201,118860.00,0.00,0.00,118860.00,22500.00,96360.00,2925.00,121785.00,0.00,169,2023-06-01,2080-02-18,,,,,1,5,2,,13,15,,,6
203,2023-06-04 13:30:34.376369+05:45,2080-02-21,PURCHASE,CREDIT,PU,-,79/80,202,PU-79/80-0202,2428.00,0.00,0.00,2428.00,0.00,2428.00,0.00,2428.00,0.00,,2023-06-04,2080-02-21,,,,,1,5,2,,13,15,,,6
204,2023-06-04 18:43:39.445977+05:45,2080-02-21,PURCHASE,CREDIT,PU,-,79/80,203,PU-79/80-0203,117740.00,0.00,0.00,117740.00,0.00,117740.00,0.00,117740.00,0.00,,2023-06-04,2080-02-21,,,,,1,5,2,,13,15,,,4
205,2023-06-05 11:53:12.785076+05:45,2080-02-22,PURCHASE,CASH,PU,-,79/80,204,PU-79/80-0204,177.50,0.00,0.00,177.50,0.00,177.50,0.00,178.00,0.50,,2023-06-05,2080-02-22,,,,,1,5,2,,13,15,,,1
206,2023-06-05 18:46:16.453999+05:45,2080-02-22,PURCHASE,CASH,PU,-,79/80,205,PU-79/80-0205,15120.00,0.00,0.00,15120.00,0.00,15120.00,0.00,15120.00,0.00,,2023-06-05,2080-02-22,,,,,1,5,2,,13,15,,,4
207,2023-06-07 12:28:52.495288+05:45,2080-02-24,PURCHASE,CREDIT,PU,-,79/80,206,PU-79/80-0206,3850.00,0.00,0.00,3850.00,0.00,3850.00,0.00,3850.00,0.00,,2023-06-07,2080-02-24,,,,,1,5,2,,13,15,,,1
208,2023-06-07 12:51:34.957782+05:45,2080-02-24,PURCHASE,CREDIT,PU,-,79/80,207,PU-79/80-0207,6790.00,0.00,0.00,6790.00,0.00,6790.00,0.00,6790.00,0.00,,2023-06-07,2080-02-24,,,,,1,5,2,,13,15,,,1
209,2023-06-08 13:06:15.880875+05:45,2080-02-25,PURCHASE,CASH,PU,-,79/80,208,PU-79/80-0208,1900.00,0.00,0.00,1900.00,0.00,1900.00,0.00,1900.00,0.00,,2023-06-08,2080-02-25,,,,,1,5,2,,13,15,,,1
210,2023-06-09 18:23:46.614148+05:45,2080-02-26,PURCHASE,CREDIT,PU,-,79/80,209,PU-79/80-0209,1850.00,0.00,0.00,1850.00,0.00,1850.00,0.00,1850.00,0.00,cs79/80-0661900,2023-06-08,2080-02-25,,,,,1,5,2,,13,15,,,10
211,2023-06-09 18:51:53.390183+05:45,2080-02-26,PURCHASE,CASH,PU,-,79/80,210,PU-79/80-0210,4319.00,0.00,0.00,4319.00,0.00,4319.00,0.00,4319.00,0.00,DDANO-3771117090833,2023-06-08,2080-02-25,,,,,1,5,2,,13,15,,,11
212,2023-06-10 11:22:43.884116+05:45,2080-02-27,PURCHASE,CREDIT,PU,-,79/80,211,PU-79/80-0211,10009.60,0.00,0.00,10009.60,0.00,10009.60,0.00,10010.00,0.40,,2023-06-08,2080-02-25,,,,,1,5,2,,13,15,,,6
213,2023-06-10 14:36:23.023116+05:45,2080-02-27,PURCHASE,CREDIT,PU,-,79/80,212,PU-79/80-0212,2629.90,0.00,0.00,2629.90,0.00,2629.90,0.00,2630.00,0.10,,2023-06-10,2080-02-27,,,,,1,2,2,,13,15,,,1
214,2023-06-11 11:23:21.530358+05:45,2080-02-28,PURCHASE,CREDIT,PU,-,79/80,213,PU-79/80-0213,6757.50,0.00,0.00,6757.50,0.00,6757.50,0.00,6758.00,0.50,,2023-06-11,2080-02-28,,,,,1,5,2,,13,15,,,1
215,2023-06-11 14:51:56.044983+05:45,2080-02-28,PURCHASE,CASH,PU,-,79/80,214,PU-79/80-0214,628.80,0.00,0.00,628.80,0.00,628.80,0.00,629.00,0.20,,2023-06-11,2080-02-28,,,,,1,5,2,,13,15,,,1
216,2023-06-12 19:03:25.909797+05:45,2080-02-29,PURCHASE,CREDIT,PU,-,79/80,215,PU-79/80-0215,458631.00,0.00,0.00,458631.00,0.00,458631.00,0.00,458631.00,0.00,179,2023-06-11,2080-02-28,,,,,1,5,2,,13,15,,,6
217,2023-06-12 19:11:21.454082+05:45,2080-02-29,PURCHASE,CREDIT,PU,-,79/80,216,PU-79/80-0216,87082.00,0.00,0.00,87082.00,0.00,87082.00,0.00,87082.00,0.00,180,2023-06-11,2080-02-28,,,,,1,5,2,,13,15,,,6
218,2023-06-13 15:57:37.489648+05:45,2080-02-30,PURCHASE,CREDIT,PU,-,79/80,217,PU-79/80-0217,2275.00,0.00,0.00,2275.00,0.00,2275.00,0.00,2275.00,0.00,,2023-06-13,2080-02-30,,,,,1,5,2,,13,15,,,1
219,2023-06-13 19:48:04.792789+05:45,2080-02-30,PURCHASE,CREDIT,PU,-,79/80,218,PU-79/80-0218,98468.84,0.00,0.00,98468.84,0.00,98468.84,0.00,98469.00,0.16,EASR0004069,2023-06-12,2080-02-29,,,,,1,5,2,,13,15,,,2
220,2023-06-14 11:46:51.874789+05:45,2080-02-31,PURCHASE,CREDIT,PU,-,79/80,219,PU-79/80-0219,900.00,0.00,0.00,900.00,0.00,900.00,0.00,900.00,0.00,,2023-06-14,2080-02-31,,,,,1,5,2,,13,15,,,1
221,2023-06-14 13:48:40.797313+05:45,2080-02-31,PURCHASE,CREDIT,PU,-,79/80,220,PU-79/80-0220,96044.10,0.00,0.00,96044.10,0.00,96044.10,0.00,96044.00,-0.10,EASR0004067,2023-06-12,2080-02-29,,,,,1,2,2,,13,15,,,2
222,2023-06-14 18:13:30.212373+05:45,2080-02-31,PURCHASE,CREDIT,PU,-,79/80,221,PU-79/80-0221,397.82,0.00,0.00,397.82,0.00,397.82,0.00,398.00,0.18,,2023-06-14,2080-02-31,,,,,1,5,2,,13,15,,,1
223,2023-06-15 22:33:43.410321+05:45,2080-02-32,PURCHASE,CREDIT,PU,-,79/80,222,PU-79/80-0222,1400.00,0.00,0.00,1400.00,0.00,1400.00,0.00,1400.00,0.00,,2023-06-16,2080-03-01,,,,,1,5,2,,13,15,,,1
224,2023-06-16 18:51:58.630540+05:45,2080-03-01,PURCHASE,CASH,PU,-,79/80,223,PU-79/80-0223,900.00,0.00,0.00,900.00,0.00,900.00,0.00,900.00,0.00,123,2023-06-16,2080-03-01,,,,,1,5,2,,13,15,,,5
225,2023-06-19 12:22:12.553615+05:45,2080-03-04,PURCHASE,CREDIT,PU,-,79/80,224,PU-79/80-0224,2771.20,0.00,0.00,2771.20,0.00,2771.20,0.00,2771.00,-0.20,,2023-06-19,2080-03-04,,,,,1,5,2,,13,15,,,1
226,2023-06-20 13:15:50.737730+05:45,2080-03-05,PURCHASE,CREDIT,PU,-,79/80,225,PU-79/80-0225,91732.64,0.00,0.00,91732.64,0.00,91732.64,0.00,91733.00,0.36,easr0004183,2023-06-18,2080-03-03,,,,,1,5,2,,13,15,,,2
227,2023-06-20 14:31:52.271658+05:45,2080-03-05,PURCHASE,CREDIT,PU,-,79/80,226,PU-79/80-0226,31200.00,0.00,0.00,31200.00,0.00,31200.00,0.00,31200.00,0.00,easr0004195,2023-06-19,2080-03-04,,,,,1,5,2,,13,15,,,2
228,2023-06-20 14:48:13.180567+05:45,2080-03-05,PURCHASE,CREDIT,PU,-,79/80,227,PU-79/80-0227,46590.00,0.00,0.00,46590.00,0.00,46590.00,0.00,46590.00,0.00,easr0004182,2023-06-18,2080-03-03,,,,,1,5,2,,13,15,,,4
229,2023-06-20 15:56:37.101528+05:45,2080-03-05,PURCHASE,CASH,PU,-,79/80,228,PU-79/80-0228,700.00,0.00,0.00,700.00,0.00,700.00,0.00,700.00,0.00,,2023-06-20,2080-03-05,,,,,1,5,2,,13,15,,,1
230,2023-06-21 11:40:11.346555+05:45,2080-03-06,PURCHASE,CREDIT,PU,-,79/80,229,PU-79/80-0229,87110.00,0.00,0.00,87110.00,0.00,87110.00,0.00,87110.00,0.00,187,2023-06-12,2080-02-29,,,,,1,5,2,,13,15,,,6
231,2023-06-21 11:50:44.271236+05:45,2080-03-06,PURCHASE,CREDIT,PU,-,79/80,230,PU-79/80-0230,103350.00,0.00,0.00,103350.00,0.00,103350.00,0.00,103350.00,0.00,202,2023-06-19,2080-03-04,,,,,1,5,2,,13,15,,,6
232,2023-06-21 12:23:32.381464+05:45,2080-03-06,PURCHASE,CASH,PU,-,79/80,231,PU-79/80-0231,1050.00,0.00,0.00,1050.00,0.00,1050.00,0.00,1050.00,0.00,,2023-06-21,2080-03-06,,,,,1,5,2,,13,15,,,1
233,2023-06-22 17:45:44.398432+05:45,2080-03-07,PURCHASE,CREDIT,PU,-,79/80,232,PU-79/80-0232,6592.00,0.00,0.00,6592.00,4000.00,2592.00,520.00,7112.00,0.00,171,2023-05-13,2080-01-30,,,,,1,5,2,,13,15,,,8
234,2023-06-22 18:05:30.291572+05:45,2080-03-07,PURCHASE,CREDIT,PU,-,79/80,233,PU-79/80-0233,8096.00,0.00,0.00,8096.00,720.00,7376.00,93.60,8190.00,0.40,170,2023-05-13,2080-01-30,,,,,1,5,2,,13,15,,,8
235,2023-06-22 19:58:27.365398+05:45,2080-03-07,PURCHASE,CASH,PU,-,79/80,234,PU-79/80-0234,51827.70,0.00,0.00,51827.70,0.00,51827.70,0.00,51828.00,0.30,EASR0004116,2023-06-22,2080-03-07,,,,,1,5,2,,13,15,,,2
236,2023-06-23 13:30:35.356071+05:45,2080-03-08,PURCHASE,CREDIT,PU,-,79/80,235,PU-79/80-0235,99900.00,0.00,0.00,99900.00,0.00,99900.00,0.00,99900.00,0.00,162,2023-05-25,2080-02-11,,,,,1,5,2,,13,15,,,6
237,2023-06-23 15:56:15.155517+05:45,2080-03-08,PURCHASE,CREDIT,PU,-,79/80,236,PU-79/80-0236,6180.00,0.00,0.00,6180.00,0.00,6180.00,0.00,6180.00,0.00,,2023-06-23,2080-03-08,,,,,1,5,2,,13,15,,,1
238,2023-06-23 16:10:55.452533+05:45,2080-03-08,PURCHASE,CREDIT,PU,-,79/80,237,PU-79/80-0237,169963.00,0.00,0.00,169963.00,0.00,169963.00,0.00,169963.00,0.00,137,2023-05-05,2080-01-22,,,,,1,5,2,,13,15,,,6
239,2023-06-23 16:57:19.302344+05:45,2080-03-08,PURCHASE,CREDIT,PU,-,79/80,238,PU-79/80-0238,115544.00,0.00,0.00,115544.00,7500.00,108044.00,975.00,116519.00,0.00,138,2023-05-05,2080-01-22,,,,,1,5,2,,13,15,,,6
240,2023-06-23 17:20:20.853009+05:45,2080-03-08,PURCHASE,CREDIT,PU,-,79/80,239,PU-79/80-0239,145155.00,0.00,0.00,145155.00,2500.00,142655.00,325.00,145480.00,0.00,139,2023-06-23,2080-03-08,,,,,1,5,2,,13,15,,,6
241,2023-06-23 18:13:47.219700+05:45,2080-03-08,PURCHASE,CREDIT,PU,-,79/80,240,PU-79/80-0240,121650.00,0.00,0.00,121650.00,0.00,121650.00,0.00,121650.00,0.00,140,2023-06-23,2080-03-08,,,,,1,5,2,,13,15,,,6
242,2023-06-23 18:20:36.709499+05:45,2080-03-08,PURCHASE,CREDIT,PU,-,79/80,241,PU-79/80-0241,120583.60,0.00,0.00,120583.60,0.00,120583.60,0.00,120584.00,0.40,144,2023-06-23,2080-03-08,,,,,1,5,2,,13,15,,,6
243,2023-06-23 18:26:36.613312+05:45,2080-03-08,PURCHASE,CREDIT,PU,-,79/80,242,PU-79/80-0242,219873.00,0.00,0.00,219873.00,11708.00,208165.00,1522.04,221395.00,-0.04,146,2023-05-08,2080-01-25,,,,,1,3,2,,13,15,,,6
244,2023-06-23 18:34:58.778056+05:45,2080-03-08,PURCHASE,CREDIT,PU,-,79/80,243,PU-79/80-0243,239120.00,0.00,0.00,239120.00,0.00,239120.00,0.00,239120.00,0.00,143,2023-06-23,2080-03-08,,,,,1,5,2,,13,15,,,6
245,2023-06-23 18:49:04.292421+05:45,2080-03-08,PURCHASE,CREDIT,PU,-,79/80,244,PU-79/80-0244,267326.00,0.00,0.00,267326.00,21480.00,245846.00,2792.40,270118.00,-0.40,141,2023-05-05,2080-01-22,,,,,1,5,2,,13,15,,,6
246,2023-06-23 18:55:01.217912+05:45,2080-03-08,PURCHASE,CREDIT,PU,-,79/80,245,PU-79/80-0245,29400.00,0.00,0.00,29400.00,0.00,29400.00,0.00,29400.00,0.00,149,2023-05-09,2080-01-26,,,,,1,5,2,,13,15,,,6
247,2023-06-23 19:00:26.654630+05:45,2080-03-08,PURCHASE,CREDIT,PU,-,79/80,246,PU-79/80-0246,189580.00,0.00,0.00,189580.00,8250.00,181330.00,1072.50,190653.00,0.50,142,2023-05-07,2080-01-24,,,,,1,5,2,,13,15,,,6
248,2023-06-23 19:09:04.892681+05:45,2080-03-08,PURCHASE,CREDIT,PU,-,79/80,247,PU-79/80-0247,343840.00,0.00,0.00,343840.00,0.00,343840.00,0.00,343840.00,0.00,145,2023-05-08,2080-01-25,,,,,1,3,2,,13,15,,,6
249,2023-06-23 20:00:48.516243+05:45,2080-03-08,PURCHASE,CASH,PU,-,79/80,248,PU-79/80-0248,1750.00,0.00,0.00,1750.00,0.00,1750.00,0.00,1750.00,0.00,,2023-06-23,2080-03-08,,,,,1,5,2,,13,15,,,1
250,2023-06-23 20:08:52.978764+05:45,2080-03-08,PURCHASE,CREDIT,PU,-,79/80,249,PU-79/80-0249,175.00,0.00,0.00,175.00,0.00,175.00,0.00,175.00,0.00,,2023-06-23,2080-03-08,,,,,1,5,2,,13,15,,,1
251,2023-06-26 11:10:14.464421+05:45,2080-03-11,PURCHASE,CREDIT,PU,-,79/80,250,PU-79/80-0250,40800.00,0.00,0.00,40800.00,0.00,40800.00,0.00,40800.00,0.00,,2023-06-26,2080-03-11,,,,,1,5,2,,13,15,,,4
252,2023-06-26 14:51:26.878886+05:45,2080-03-11,PURCHASE,CREDIT,PU,-,79/80,251,PU-79/80-0251,12450.00,0.00,0.00,12450.00,0.00,12450.00,0.00,12450.00,0.00,,2023-06-26,2080-03-11,,,,,1,5,2,,13,15,,,4
253,2023-06-26 18:24:17.203363+05:45,2080-03-11,PURCHASE,CASH,PU,-,79/80,252,PU-79/80-0252,4880.00,0.00,0.00,4880.00,0.00,4880.00,0.00,4880.00,0.00,,2023-06-26,2080-03-11,,,,,1,5,2,,13,15,,,6
254,2023-06-26 18:26:07.275526+05:45,2080-03-11,PURCHASE,CASH,PU,-,79/80,253,PU-79/80-0253,6000.00,0.00,0.00,6000.00,0.00,6000.00,0.00,6000.00,0.00,574,2023-06-26,2080-03-11,,,,,1,5,2,,13,15,,,6
255,2023-06-27 17:46:38.796524+05:45,2080-03-12,PURCHASE,CREDIT,PU,-,79/80,254,PU-79/80-0254,4312.40,0.00,0.00,4312.40,0.00,4312.40,0.00,4312.00,-0.40,,2023-06-27,2080-03-12,,,,,1,5,2,,13,15,,,3
256,2023-06-29 12:31:12.360820+05:45,2080-03-14,PURCHASE,CREDIT,PU,-,79/80,255,PU-79/80-0255,86770.00,0.00,0.00,86770.00,86770.00,0.00,11280.10,98050.00,-0.10,531,2023-06-12,2080-02-29,,,,,1,5,2,,13,15,,,9
257,2023-06-29 12:55:58.492633+05:45,2080-03-14,PURCHASE,CREDIT,PU,-,79/80,256,PU-79/80-0256,67720.00,0.00,0.00,67720.00,67720.00,0.00,8803.60,76524.00,0.40,536,2023-06-13,2080-02-30,,,,,1,5,2,,13,15,,,9
258,2023-06-29 13:37:28.890088+05:45,2080-03-14,PURCHASE,CREDIT,PU,-,79/80,257,PU-79/80-0257,49558.10,0.00,0.00,49558.10,49558.10,0.00,6442.56,56001.00,0.34,415,2023-04-19,2080-01-06,,,,,1,5,2,,13,15,,,9
259,2023-07-02 15:14:53.666854+05:45,2080-03-17,PURCHASE,CREDIT,PU,-,79/80,258,PU-79/80-0258,14000.00,0.00,0.00,14000.00,0.00,14000.00,0.00,14000.00,0.00,,2023-07-02,2080-03-17,,,,,1,5,2,,13,15,,,6
260,2023-07-03 12:11:30.630617+05:45,2080-03-18,PURCHASE,CREDIT,PU,-,79/80,259,PU-79/80-0259,2600.00,0.00,0.00,2600.00,0.00,2600.00,0.00,2600.00,0.00,,2023-07-03,2080-03-18,,,,,1,5,2,,13,15,,,6
261,2023-07-03 18:37:05.797183+05:45,2080-03-18,PURCHASE,CREDIT,PU,-,79/80,260,PU-79/80-0260,675.00,0.00,0.00,675.00,0.00,675.00,0.00,675.00,0.00,,2023-07-03,2080-03-18,,,,,1,5,2,,13,15,,,5
262,2023-07-03 19:16:02.464096+05:45,2080-03-18,RETURN,CREDIT,PR,-,79/80,2,PR-79/80-0002,675.00,0.00,0.00,675.00,0.00,675.00,0.00,675.00,0.00,,2023-07-03,2080-03-18,,,,e,1,5,2,,13,15,261.0,,5
263,2023-07-03 19:28:01.767230+05:45,2080-03-18,PURCHASE,CREDIT,PU,-,79/80,261,PU-79/80-0261,350.00,0.00,0.00,350.00,0.00,350.00,0.00,350.00,0.00,,2023-07-03,2080-03-18,,,,,1,5,2,,13,15,,,6
264,2023-07-03 19:29:56.090046+05:45,2080-03-18,RETURN,CREDIT,PR,-,79/80,3,PR-79/80-0003,350.00,0.00,0.00,350.00,0.00,350.00,0.00,350.00,0.00,,2023-07-03,2080-03-18,,,,e,1,5,2,,13,15,263.0,,6
265,2023-07-03 19:31:07.775912+05:45,2080-03-18,PURCHASE,CREDIT,PU,-,79/80,262,PU-79/80-0262,1050.00,0.00,0.00,1050.00,0.00,1050.00,0.00,1050.00,0.00,,2023-07-03,2080-03-18,,,,,1,5,2,,13,15,,,6
266,2023-07-03 19:47:03.986035+05:45,2080-03-18,PURCHASE,CREDIT,PU,-,79/80,263,PU-79/80-0263,1975.00,0.00,0.00,1975.00,0.00,1975.00,0.00,1975.00,0.00,,2023-07-03,2080-03-18,,,,,1,5,2,,13,15,,,6
267,2023-07-04 16:48:14.615610+05:45,2080-03-19,PURCHASE,CASH,PU,-,79/80,264,PU-79/80-0264,255.00,0.00,0.00,255.00,0.00,255.00,0.00,255.00,0.00,123,2023-07-04,2080-03-19,,,,,1,5,2,,13,15,,,1
268,2023-07-04 17:43:50.031727+05:45,2080-03-19,PURCHASE,CASH,PU,-,79/80,265,PU-79/80-0265,8800.00,0.00,0.00,8800.00,0.00,8800.00,0.00,8800.00,0.00,,2023-07-04,2080-03-19,,,,,1,5,2,,13,15,,,1
269,2023-07-04 18:47:35.160826+05:45,2080-03-19,PURCHASE,CASH,PU,-,79/80,266,PU-79/80-0266,4500.00,0.00,0.00,4500.00,0.00,4500.00,0.00,4500.00,0.00,,2023-07-04,2080-03-19,,,,,1,5,2,,13,15,,,1
270,2023-07-05 17:10:45.301001+05:45,2080-03-20,PURCHASE,CREDIT,PU,-,79/80,267,PU-79/80-0267,2800.00,0.00,0.00,2800.00,0.00,2800.00,0.00,2800.00,0.00,,2023-07-02,2080-03-17,,,,,1,5,2,,13,15,,,6
271,2023-07-06 11:41:31.179015+05:45,2080-03-21,PURCHASE,CREDIT,PU,-,79/80,268,PU-79/80-0268,9000.00,0.00,0.00,9000.00,0.00,9000.00,0.00,9000.00,0.00,,2023-07-06,2080-03-21,,,,,1,5,2,,13,15,,,4
272,2023-07-06 13:41:09.340121+05:45,2080-03-21,PURCHASE,CREDIT,PU,-,79/80,269,PU-79/80-0269,1000.00,0.00,0.00,1000.00,0.00,1000.00,0.00,1000.00,0.00,,2023-07-06,2080-03-21,,,,,1,5,2,,13,15,,,6
273,2023-07-07 11:03:53.253455+05:45,2080-03-22,PURCHASE,CREDIT,PU,-,79/80,270,PU-79/80-0270,76400.00,0.00,0.00,76400.00,0.00,76400.00,0.00,76400.00,0.00,172,2023-06-04,2080-02-21,,,,,1,5,2,,13,15,,,6
274,2023-07-07 14:04:21.319706+05:45,2080-03-22,PURCHASE,CREDIT,PU,-,79/80,271,PU-79/80-0271,8800.00,0.00,0.00,8800.00,0.00,8800.00,0.00,8800.00,0.00,,2023-07-07,2080-03-22,,,,,1,5,2,,13,15,,,4
275,2023-07-09 10:24:43.828691+05:45,2080-03-24,PURCHASE,CREDIT,PU,-,79/80,272,PU-79/80-0272,246240.00,0.00,0.00,246240.00,0.00,246240.00,0.00,246240.00,0.00,228,2023-07-09,2080-03-24,,,,,1,5,2,,13,15,,,6
276,2023-07-09 11:26:17.583968+05:45,2080-03-24,PURCHASE,CREDIT,PU,-,79/80,273,PU-79/80-0273,5400.00,0.00,0.00,5400.00,0.00,5400.00,0.00,5400.00,0.00,,2023-07-09,2080-03-24,,,,,1,5,2,,13,15,,,2
277,2023-07-09 13:06:26.374556+05:45,2080-03-24,PURCHASE,CREDIT,PU,-,79/80,274,PU-79/80-0274,110525.00,0.00,0.00,110525.00,0.00,110525.00,0.00,110525.00,0.00,229,2023-06-30,2080-03-15,,,,,1,5,2,,13,15,,,6
278,2023-07-09 18:27:42.820130+05:45,2080-03-24,PURCHASE,CREDIT,PU,-,79/80,275,PU-79/80-0275,173030.00,0.00,0.00,173030.00,0.00,173030.00,0.00,173030.00,0.00,211,2023-06-21,2080-03-06,,,,,1,5,2,,13,15,,,6
279,2023-07-09 19:52:02.477064+05:45,2080-03-24,PURCHASE,CREDIT,PU,-,79/80,276,PU-79/80-0276,462703.00,0.00,0.00,462703.00,0.00,462703.00,0.00,462703.00,0.00,215,2023-06-28,2080-03-13,,,,,1,5,2,,13,15,,,6
280,2023-07-10 15:20:34.715727+05:45,2080-03-25,PURCHASE,CREDIT,PU,-,79/80,277,PU-79/80-0277,16830.00,0.00,0.00,16830.00,0.00,16830.00,0.00,16830.00,0.00,,2023-07-10,2080-03-25,,,,,1,5,2,,13,15,,,4
281,2023-07-12 18:30:23.647663+05:45,2080-03-27,PURCHASE,CREDIT,PU,-,79/80,278,PU-79/80-0278,2200.00,0.00,0.00,2200.00,0.00,2200.00,0.00,2200.00,0.00,,2023-07-12,2080-03-27,,,,,1,5,2,,13,15,,,6
282,2023-07-16 12:00:13.123120+05:45,2080-03-31,PURCHASE,CREDIT,PU,-,79/80,279,PU-79/80-0279,39290.00,0.00,0.00,39290.00,5500.00,33790.00,715.00,40005.00,0.00,169,2023-05-13,2080-01-30,,,,,1,5,2,,13,15,,,8
283,2023-07-16 13:28:54.398884+05:45,2080-03-31,PURCHASE,CREDIT,PU,-,79/80,280,PU-79/80-0280,9000.00,0.00,0.00,9000.00,0.00,9000.00,0.00,9000.00,0.00,,2023-05-15,2080-02-01,,,,,1,5,2,,13,15,,,4
284,2023-07-17 15:32:31.436164+05:45,2080-04-01,PURCHASE,CREDIT,PU,-,80/81,1,PU-80/81-0001,2500.00,0.00,0.00,2500.00,0.00,2500.00,0.00,2500.00,0.00,,2023-07-13,2080-03-28,,,,,1,5,2,,13,16,,,4
285,2023-07-18 13:29:18.290072+05:45,2080-04-02,PURCHASE,CASH,PU,-,80/81,2,PU-80/81-0002,1200.00,0.00,0.00,1200.00,0.00,1200.00,0.00,1200.00,0.00,,2023-07-18,2080-04-02,,,,,1,5,2,,13,16,,,2
286,2023-07-19 12:58:03.587692+05:45,2080-04-03,PURCHASE,CREDIT,PU,-,80/81,3,PU-80/81-0003,71000.00,0.00,0.00,71000.00,0.00,71000.00,0.00,71000.00,0.00,,2023-07-19,2080-04-03,,,,,1,5,2,,13,16,,,4
287,2023-07-19 13:47:07.889386+05:45,2080-04-03,PURCHASE,CREDIT,PU,-,80/81,4,PU-80/81-0004,4076.00,0.00,0.00,4076.00,0.00,4076.00,0.00,4076.00,0.00,,2023-07-19,2080-04-03,,,,,1,5,2,,13,16,,,3
288,2023-07-21 23:02:51.869783+05:45,2080-04-05,PURCHASE,CREDIT,PU,-,80/81,5,PU-80/81-0005,1200.00,0.00,0.00,1200.00,0.00,1200.00,0.00,1200.00,0.00,,2023-07-22,2080-04-06,,,,,1,5,2,,13,16,,,6
289,2023-07-24 12:45:07.943843+05:45,2080-04-08,PURCHASE,CREDIT,PU,-,80/81,6,PU-80/81-0006,1450.00,0.00,0.00,1450.00,0.00,1450.00,0.00,1450.00,0.00,,2023-07-24,2080-04-08,,,,,1,5,2,,13,16,,,4
290,2023-07-24 12:46:56.184154+05:45,2080-04-08,PURCHASE,CREDIT,PU,-,80/81,7,PU-80/81-0007,1450.00,0.00,0.00,1450.00,0.00,1450.00,0.00,1450.00,0.00,,2023-07-24,2080-04-08,,,,,1,5,2,,13,16,,,4
291,2023-07-24 13:25:22.785339+05:45,2080-04-08,PURCHASE,CREDIT,PU,-,80/81,8,PU-80/81-0008,2590.00,0.00,0.00,2590.00,0.00,2590.00,0.00,2590.00,0.00,,2023-07-24,2080-04-08,,,,,1,5,2,,13,16,,,6
292,2023-07-28 13:07:30.749996+05:45,2080-04-12,PURCHASE,CREDIT,PU,-,80/81,9,PU-80/81-0009,57400.00,0.00,0.00,57400.00,0.00,57400.00,0.00,57400.00,0.00,,2023-07-28,2080-04-12,,,,,1,5,2,,13,16,,,4
293,2023-07-28 23:06:21.503511+05:45,2080-04-12,PURCHASE,CREDIT,PU,-,80/81,10,PU-80/81-0010,13500.00,0.00,0.00,13500.00,0.00,13500.00,0.00,13500.00,0.00,,2023-07-29,2080-04-13,,,,,1,2,2,,13,16,,,4
294,2023-07-30 20:06:19.210416+05:45,2080-04-14,PURCHASE,CREDIT,PU,-,80/81,11,PU-80/81-0011,22250.00,0.00,0.00,22250.00,0.00,22250.00,0.00,22250.00,0.00,,2023-07-30,2080-04-14,,,,,1,5,2,,13,16,,,4
295,2023-07-31 20:59:05.416816+05:45,2080-04-15,PURCHASE,CASH,PU,-,80/81,12,PU-80/81-0012,2200.00,0.00,0.00,2200.00,0.00,2200.00,0.00,2200.00,0.00,,2023-07-31,2080-04-15,,,,,1,5,2,,13,16,,,4
296,2023-08-01 20:37:51.434207+05:45,2080-04-16,PURCHASE,CASH,PU,-,80/81,13,PU-80/81-0013,482.93,0.00,0.00,482.93,0.00,482.93,0.00,483.00,0.07,,2023-08-01,2080-04-16,,,,,1,5,2,,13,16,,,3
297,2023-08-02 11:37:33.445149+05:45,2080-04-17,PURCHASE,CASH,PU,-,80/81,14,PU-80/81-0014,20460.00,0.00,0.00,20460.00,0.00,20460.00,0.00,20460.00,0.00,,2023-08-02,2080-04-17,,,,,1,5,2,,13,16,,,2
298,2023-08-03 18:49:07.798205+05:45,2080-04-18,PURCHASE,CREDIT,PU,-,80/81,15,PU-80/81-0015,136000.00,0.00,0.00,136000.00,0.00,136000.00,0.00,136000.00,0.00,,2023-08-03,2080-04-18,,,,,1,5,2,,13,16,,,4
299,2023-08-04 08:10:31.769806+05:45,2080-04-19,PURCHASE,CASH,PU,-,80/81,16,PU-80/81-0016,6769777.86,0.00,0.00,6769777.86,0.00,0.00,0.00,6769777.86,0.00,---,2023-08-04,2080-04-19,,,,,1,1,2,,13,16,,,1
300,2023-08-04 09:59:06.955431+05:45,2080-04-19,PURCHASE,CASH,PU,-,80/81,17,PU-80/81-0017,3465.30,0.00,0.00,3465.30,0.00,3465.30,0.00,3465.00,-0.30,---,2023-08-04,2080-04-19,,,,,1,1,2,,13,16,,,1
301,2023-08-04 19:19:01.054432+05:45,2080-04-19,PURCHASE,CREDIT,PU,-,80/81,18,PU-80/81-0018,128000.00,0.00,0.00,128000.00,0.00,128000.00,0.00,128000.00,0.00,,2023-08-04,2080-04-19,,,,,1,5,2,,13,16,,,4
303,2023-08-04 22:37:49.741669+05:45,2080-04-19,PURCHASE,CREDIT,PU,-,80/81,20,PU-80/81-0020,29000.00,0.00,0.00,29000.00,0.00,29000.00,0.00,29000.00,0.00,050,2023-07-24,2080-04-08,,,,,1,5,2,,13,16,,,4
304,2023-08-04 23:03:45.546192+05:45,2080-04-19,PURCHASE,CREDIT,PU,-,80/81,21,PU-80/81-0021,17000.00,0.00,0.00,17000.00,0.00,17000.00,0.00,17000.00,0.00,,2023-08-04,2080-04-19,,,,,1,5,2,,13,16,,,2
305,2023-08-06 19:40:22.800544+05:45,2080-04-21,PURCHASE,CREDIT,PU,-,80/81,22,PU-80/81-0022,63850.00,0.00,0.00,63850.00,0.00,63850.00,0.00,63850.00,0.00,,2023-07-24,2080-04-08,,,,,1,5,2,,13,16,,,4
306,2023-08-06 19:50:54.084025+05:45,2080-04-21,PURCHASE,CREDIT,PU,-,80/81,23,PU-80/81-0023,25250.00,0.00,0.00,25250.00,0.00,25250.00,0.00,25250.00,0.00,,2023-08-06,2080-04-21,,,,,1,5,2,,13,16,,,4
307,2023-08-06 20:09:54.834528+05:45,2080-04-21,PURCHASE,CREDIT,PU,-,80/81,24,PU-80/81-0024,14500.00,0.00,0.00,14500.00,0.00,14500.00,0.00,14500.00,0.00,,2023-08-06,2080-04-21,,,,,1,5,2,,13,16,,,4
308,2023-08-07 19:55:22.570400+05:45,2080-04-22,PURCHASE,CASH,PU,-,80/81,25,PU-80/81-0025,189316.00,0.00,0.00,189316.00,0.00,189316.00,0.00,189316.00,0.00,,2023-08-07,2080-04-22,,,,,1,5,2,,13,16,,,4
302,2023-08-04 20:21:57.645365+05:45,2080-04-19,PURCHASE,CREDIT,PU,-,80/81,19,PU-80/81-0019,471288.00,0.00,0.00,342768.00,0.00,342768.00,0.00,471288.00,0.00,,2023-07-26,2080-04-10,,,,,1,5,2,,13,16,,,4
309,2023-08-08 19:54:58.454815+05:45,2080-04-23,PURCHASE,CREDIT,PU,-,80/81,26,PU-80/81-0026,4000.00,0.00,0.00,4000.00,800.00,3200.00,104.00,4104.00,0.00,,2023-07-31,2080-04-15,,,,,1,5,2,,13,16,,,4
310,2023-08-09 20:21:40.268415+05:45,2080-04-24,PURCHASE,CREDIT,PU,-,80/81,27,PU-80/81-0027,28880.00,0.00,0.00,28880.00,0.00,28880.00,0.00,28880.00,0.00,,2023-08-01,2080-04-16,,,,,1,5,2,,13,16,,,4
311,2023-08-13 19:40:55.088073+05:45,2080-04-28,PURCHASE,CREDIT,PU,-,80/81,28,PU-80/81-0028,17700.00,0.00,0.00,17700.00,0.00,17700.00,0.00,17700.00,0.00,,2023-07-26,2080-04-10,,,,,1,5,2,,13,16,,,4
312,2023-08-14 19:27:44.030037+05:45,2080-04-29,PURCHASE,CREDIT,PU,-,80/81,29,PU-80/81-0029,312850.00,0.00,0.00,312850.00,25000.00,287850.00,3250.00,316100.00,0.00,006,2023-08-09,2080-04-24,,,,,1,5,2,,13,16,,,6
313,2023-08-14 19:46:44.284973+05:45,2080-04-29,PURCHASE,CREDIT,PU,-,80/81,30,PU-80/81-0030,342510.00,0.00,0.00,342510.00,2475.00,340035.00,321.75,342832.00,0.25,008,2023-08-11,2080-04-26,,,,,1,5,2,,13,16,,,6
314,2023-08-14 20:02:22.536277+05:45,2080-04-29,PURCHASE,CREDIT,PU,-,80/81,31,PU-80/81-0031,15200.00,0.00,0.00,15200.00,0.00,15200.00,0.00,15200.00,0.00,,2023-08-14,2080-04-29,,,,,1,5,2,,13,16,,,4
315,2023-08-16 19:56:34.581228+05:45,2080-04-31,PURCHASE,CREDIT,PU,-,80/81,32,PU-80/81-0032,12743.50,0.00,0.00,12743.50,0.00,12743.50,0.00,12744.00,0.50,,2023-08-16,2080-04-31,,,,,1,5,2,,13,16,,,4
316,2023-08-17 18:29:51.827560+05:45,2080-04-32,PURCHASE,CREDIT,PU,-,80/81,33,PU-80/81-0033,17500.00,0.00,0.00,17500.00,0.00,17500.00,0.00,17500.00,0.00,,2023-08-14,2080-04-29,,,,,1,5,2,,13,16,,,4
317,2023-08-17 19:01:28.869139+05:45,2080-04-32,PURCHASE,CREDIT,PU,-,80/81,34,PU-80/81-0034,253160.00,0.00,0.00,253160.00,0.00,253160.00,0.00,253160.00,0.00,007,2023-08-09,2080-04-24,,,,,1,5,2,,13,16,,,6
318,2023-08-17 19:12:31.820583+05:45,2080-04-32,PURCHASE,CREDIT,PU,-,80/81,35,PU-80/81-0035,16028.00,0.00,0.00,16028.00,0.00,16028.00,0.00,16028.00,0.00,009,2023-08-11,2080-04-26,,,,,1,5,2,,13,16,,,6
319,2023-08-17 19:40:22.682346+05:45,2080-04-32,PURCHASE,CREDIT,PU,-,80/81,36,PU-80/81-0036,309930.00,0.00,0.00,309930.00,0.00,309930.00,0.00,309930.00,0.00,012,2023-08-15,2080-04-30,,,,,1,5,2,,13,16,,,6
320,2023-08-18 19:29:37.833189+05:45,2080-05-01,PURCHASE,CREDIT,PU,-,80/81,37,PU-80/81-0037,400.00,0.00,0.00,400.00,0.00,400.00,0.00,400.00,0.00,,2023-08-18,2080-05-01,,,,,1,5,2,,13,16,,,4
321,2023-08-19 13:51:56.610192+05:45,2080-05-02,PURCHASE,CREDIT,PU,-,80/81,38,PU-80/81-0038,14000.00,0.00,0.00,14000.00,0.00,14000.00,0.00,14000.00,0.00,,2023-07-28,2080-04-12,,,,,1,5,2,,13,16,,,9
322,2023-08-19 15:43:37.239404+05:45,2080-05-02,PURCHASE,CREDIT,PU,-,80/81,39,PU-80/81-0039,280378.40,0.00,0.00,280378.40,0.00,280378.40,0.00,280378.00,-0.40,fasr0000045,2023-07-23,2080-04-07,,2023-07-31,2080-04-15,,1,5,2,,13,16,,,2
323,2023-08-21 19:54:38.100993+05:45,2080-05-04,PURCHASE,CREDIT,PU,-,80/81,40,PU-80/81-0040,12500.00,0.00,0.00,12500.00,0.00,12500.00,0.00,12500.00,0.00,,2023-08-21,2080-05-04,,,,,1,5,2,,13,16,,,4
324,2023-08-22 19:23:36.206598+05:45,2080-05-05,PURCHASE,CREDIT,PU,-,80/81,41,PU-80/81-0041,109260.00,0.00,0.00,109260.00,0.00,109260.00,0.00,109260.00,0.00,,2023-08-18,2080-05-01,,,,,1,5,2,,13,16,,,4
325,2023-08-23 19:19:03.035576+05:45,2080-05-06,PURCHASE,CREDIT,PU,-,80/81,42,PU-80/81-0042,143500.00,0.00,0.00,143500.00,0.00,143500.00,0.00,143500.00,0.00,,2023-08-23,2080-05-06,,,,,1,5,2,,13,16,,,4
326,2023-08-23 19:24:20.795242+05:45,2080-05-06,PURCHASE,CREDIT,PU,-,80/81,43,PU-80/81-0043,276500.00,0.00,0.00,276500.00,0.00,276500.00,0.00,276500.00,0.00,014,2023-08-15,2080-04-30,,,,,1,5,2,,13,16,,,6
327,2023-08-23 19:50:20.004840+05:45,2080-05-06,PURCHASE,CREDIT,PU,-,80/81,44,PU-80/81-0044,139200.00,0.00,0.00,139200.00,0.00,139200.00,0.00,139200.00,0.00,,2023-08-18,2080-05-01,,,,,1,5,2,,13,16,,,4
328,2023-08-24 19:36:33.742004+05:45,2080-05-07,PURCHASE,CREDIT,PU,-,80/81,45,PU-80/81-0045,35945.00,0.00,0.00,35945.00,0.00,35945.00,0.00,35945.00,0.00,,2023-08-19,2080-05-02,,,,,1,5,2,,13,16,,,4
329,2023-08-30 09:16:42.047418+05:45,2080-05-13,PURCHASE,CREDIT,PU,-,80/81,46,PU-80/81-0046,65470.00,0.00,0.00,65470.00,0.00,65470.00,0.00,65470.00,0.00,013,2023-08-30,2080-05-13,,,,,1,5,2,,13,16,,,6
330,2023-08-30 18:51:09.660994+05:45,2080-05-13,PURCHASE,CREDIT,PU,-,80/81,47,PU-80/81-0047,62140.00,0.00,0.00,62140.00,0.00,62140.00,0.00,62140.00,0.00,,2023-08-18,2080-05-01,,,,,1,5,2,,13,16,,,4
331,2023-08-30 19:10:05.404695+05:45,2080-05-13,PURCHASE,CREDIT,PU,-,80/81,48,PU-80/81-0048,39590.00,0.00,0.00,39590.00,0.00,39590.00,0.00,39590.00,0.00,,2023-08-15,2080-04-30,,,,,1,5,2,,13,16,,,6
332,2023-09-03 19:55:18.630465+05:45,2080-05-17,PURCHASE,CREDIT,PU,-,80/81,49,PU-80/81-0049,15760.00,0.00,0.00,15760.00,0.00,15760.00,0.00,15760.00,0.00,,2023-09-03,2080-05-17,,,,,1,5,2,,13,16,,,4
333,2023-09-05 20:00:48.125683+05:45,2080-05-19,PURCHASE,CREDIT,PU,-,80/81,50,PU-80/81-0050,4300.00,0.00,0.00,4300.00,0.00,4300.00,0.00,4300.00,0.00,,2023-09-05,2080-05-19,,,,,1,5,2,,13,16,,,4
334,2023-09-07 20:01:52.740498+05:45,2080-05-21,PURCHASE,CREDIT,PU,-,80/81,51,PU-80/81-0051,283317.50,0.00,0.00,283317.50,16000.00,267317.50,2080.00,285398.00,0.50,,2023-09-07,2080-05-21,,,,,1,5,2,,13,16,,,4
335,2023-09-07 20:08:16.727458+05:45,2080-05-21,PURCHASE,CREDIT,PU,-,80/81,52,PU-80/81-0052,26500.00,0.00,0.00,26500.00,0.00,26500.00,0.00,26500.00,0.00,,2023-09-07,2080-05-21,,,,,1,5,2,,13,16,,,6
336,2023-09-07 20:12:18.681467+05:45,2080-05-21,PURCHASE,CREDIT,PU,-,80/81,53,PU-80/81-0053,3000.00,0.00,0.00,3000.00,0.00,3000.00,0.00,3000.00,0.00,,2023-09-07,2080-05-21,,,,,1,5,2,,13,16,,,6
337,2023-09-10 19:24:08.991027+05:45,2080-05-24,PURCHASE,CREDIT,PU,-,80/81,54,PU-80/81-0054,63000.00,0.00,0.00,63000.00,0.00,63000.00,0.00,63000.00,0.00,,2023-09-10,2080-05-24,,,,,1,5,2,,13,16,,,4
338,2023-09-13 18:35:24.865805+05:45,2080-05-27,PURCHASE,CREDIT,PU,-,80/81,55,PU-80/81-0055,33450.00,0.00,0.00,33450.00,0.00,33450.00,0.00,33450.00,0.00,,2023-08-09,2080-04-24,,,,,1,5,2,,13,16,,,4
339,2023-09-15 18:20:29.687588+05:45,2080-05-29,PURCHASE,CREDIT,PU,-,80/81,56,PU-80/81-0056,592040.00,0.00,0.00,592040.00,22500.00,569540.00,2925.00,594965.00,0.00,031,2023-09-15,2080-05-29,,,,,1,5,2,,13,16,,,6
340,2023-09-21 18:48:35.904827+05:45,2080-06-04,PURCHASE,CREDIT,PU,-,80/81,57,PU-80/81-0057,146792.00,0.00,0.00,146792.00,0.00,146792.00,0.00,146792.00,0.00,020,2023-09-16,2080-05-30,,,,,1,5,2,,13,16,,,6
341,2023-09-21 19:15:18.187856+05:45,2080-06-04,PURCHASE,CREDIT,PU,-,80/81,58,PU-80/81-0058,85522.40,0.00,0.00,85522.40,0.00,85522.40,0.00,85522.00,-0.40,KASR0000478,2023-09-20,2080-06-03,,,,,1,5,2,,13,16,,,3
342,2023-09-21 19:31:41.136809+05:45,2080-06-04,PURCHASE,CREDIT,PU,-,80/81,59,PU-80/81-0059,119000.00,0.00,0.00,119000.00,0.00,119000.00,0.00,119000.00,0.00,,2023-08-18,2080-05-01,,,,,1,5,2,,13,16,,,4
343,2023-09-22 19:58:32.276552+05:45,2080-06-05,PURCHASE,CREDIT,PU,-,80/81,60,PU-80/81-0060,54740.00,0.00,0.00,54740.00,0.00,54740.00,0.00,54740.00,0.00,,2023-09-20,2080-06-03,,,,,1,2,2,,13,16,,,4
344,2023-09-23 18:50:05.511910+05:45,2080-06-06,PURCHASE,CREDIT,PU,-,80/81,61,PU-80/81-0061,15060.00,0.00,0.00,15060.00,0.00,15060.00,0.00,15060.00,0.00,fasr0001116,2023-09-22,2080-06-05,,,,,1,5,2,,13,16,,,2
345,2023-09-24 18:59:01.200234+05:45,2080-06-07,PURCHASE,CREDIT,PU,-,80/81,62,PU-80/81-0062,28700.00,0.00,0.00,28700.00,0.00,28700.00,0.00,28700.00,0.00,,2023-09-15,2080-05-29,,,,,1,5,2,,13,16,,,4
346,2023-09-27 18:44:11.366909+05:45,2080-06-10,PURCHASE,CREDIT,PU,-,80/81,63,PU-80/81-0063,122300.00,0.00,0.00,122300.00,0.00,122300.00,0.00,122300.00,0.00,,2023-09-20,2080-06-03,,2023-09-27,2080-06-10,,1,5,2,,13,16,,,4
347,2023-09-27 18:58:15.749676+05:45,2080-06-10,PURCHASE,CREDIT,PU,-,80/81,64,PU-80/81-0064,8180.00,0.00,0.00,8180.00,0.00,8180.00,0.00,8180.00,0.00,,2023-09-13,2080-05-27,,,,,1,5,2,,13,16,,,4
348,2023-10-01 19:26:19.780696+05:45,2080-06-14,PURCHASE,CREDIT,PU,-,80/81,65,PU-80/81-0065,62800.00,0.00,0.00,62800.00,0.00,62800.00,0.00,62800.00,0.00,032,,2080-06-14,,,,,1,5,2,,13,16,,,6
349,2023-10-01 19:58:25.799773+05:45,2080-06-14,PURCHASE,CREDIT,PU,-,80/81,66,PU-80/81-0066,4600.00,0.00,0.00,4600.00,0.00,4600.00,0.00,4600.00,0.00,,2023-10-01,2080-06-14,,,,,1,5,2,,13,16,,,4
350,2023-10-03 14:55:42.115350+05:45,2080-06-16,PURCHASE,CREDIT,PU,-,80/81,67,PU-80/81-0067,15000.00,0.00,0.00,15000.00,0.00,15000.00,0.00,15000.00,0.00,,2023-10-03,2080-06-16,,,,,1,5,2,,13,16,,,2
351,2023-10-06 18:57:58.385402+05:45,2080-06-19,PURCHASE,CREDIT,PU,-,80/81,68,PU-80/81-0068,26330.00,0.00,0.00,26330.00,0.00,26330.00,0.00,26330.00,0.00,,2023-10-06,2080-06-19,,,,,1,5,2,,13,16,,,4
352,2023-10-08 11:08:56.423530+05:45,2080-06-21,PURCHASE,CREDIT,PU,-,80/81,69,PU-80/81-0069,291490.00,0.00,0.00,291490.00,0.00,291490.00,0.00,291490.00,0.00,,2023-10-02,2080-06-15,,,,,1,5,2,,13,16,,,6
353,2023-10-10 19:55:56.821455+05:45,2080-06-23,PURCHASE,CREDIT,PU,-,80/81,70,PU-80/81-0070,4500.00,0.00,0.00,4500.00,0.00,4500.00,0.00,4500.00,0.00,,2023-08-20,2080-05-03,,,,,1,5,2,,13,16,,,6
354,2023-10-15 09:48:25.530809+05:45,2080-06-28,PURCHASE,CREDIT,PU,-,80/81,71,PU-80/81-0071,146726.00,0.00,0.00,146726.00,0.00,146726.00,0.00,146726.00,0.00,,2023-10-15,2080-06-28,,,,,1,5,2,,13,16,,,12
355,2023-10-17 18:34:43.785517+05:45,2080-06-30,PURCHASE,CREDIT,PU,-,80/81,72,PU-80/81-0072,38310.00,0.00,0.00,38310.00,0.00,38310.00,0.00,38310.00,0.00,,2023-10-17,2080-06-30,,,,,1,5,2,,13,16,,,4
356,2023-10-17 18:37:12.121356+05:45,2080-06-30,PURCHASE,CREDIT,PU,-,80/81,73,PU-80/81-0073,4480.00,0.00,0.00,4480.00,0.00,4480.00,0.00,4480.00,0.00,,2023-10-17,2080-06-30,,,,,1,5,2,,13,16,,,4
357,2023-10-21 18:14:58.950880+05:45,2080-07-04,PURCHASE,CREDIT,PU,-,80/81,74,PU-80/81-0074,20000.00,0.00,0.00,20000.00,0.00,20000.00,0.00,20000.00,0.00,,2023-10-16,2080-06-29,,,,,1,5,2,,13,16,,,6
358,2023-10-23 09:23:08.184832+05:45,2080-07-06,PURCHASE,CREDIT,PU,-,80/81,75,PU-80/81-0075,272000.00,0.00,0.00,272000.00,0.00,272000.00,0.00,272000.00,0.00,,2023-10-21,2080-07-04,,,,,1,5,2,,13,16,,,6
359,2023-10-25 17:28:25.831671+05:45,2080-07-08,PURCHASE,CREDIT,PU,-,80/81,76,PU-80/81-0076,589250.00,0.00,0.00,589250.00,0.00,589250.00,0.00,589250.00,0.00,,2023-10-20,2080-07-03,,,,,1,5,2,,13,16,,,12
360,2023-10-26 12:46:41.182851+05:45,2080-07-09,PURCHASE,CREDIT,PU,-,80/81,77,PU-80/81-0077,218350.00,0.00,0.00,218350.00,203350.00,15000.00,26435.50,244786.00,0.50,,2023-08-17,2080-04-32,,2023-08-22,2080-05-05,,1,5,2,,13,16,,,9
361,2023-10-27 19:18:02.216542+05:45,2080-07-10,PURCHASE,CREDIT,PU,-,80/81,78,PU-80/81-0078,211760.00,0.00,0.00,211760.00,0.00,211760.00,0.00,211760.00,0.00,,2023-10-27,2080-07-10,,,,,1,5,2,,13,16,,,6
362,2023-10-31 17:56:00.689315+05:45,2080-07-14,PURCHASE,CREDIT,PU,-,80/81,79,PU-80/81-0079,2900.00,0.00,0.00,2900.00,0.00,2900.00,0.00,2900.00,0.00,,2023-10-31,2080-07-14,,,,,1,5,2,,13,16,,,12
363,2023-11-03 17:48:59.734018+05:45,2080-07-17,PURCHASE,CREDIT,PU,-,80/81,80,PU-80/81-0080,7540.00,0.00,0.00,7540.00,0.00,7540.00,0.00,7540.00,0.00,,2023-11-03,2080-07-17,,,,,1,5,2,,13,16,,,6
364,2023-11-06 17:52:17.720172+05:45,2080-07-20,PURCHASE,CREDIT,PU,-,80/81,81,PU-80/81-0081,21200.00,0.00,0.00,21200.00,0.00,21200.00,0.00,21200.00,0.00,,2023-09-26,2080-06-09,,,,,1,5,2,,13,16,,,6
365,2023-11-06 19:22:08.842072+05:45,2080-07-20,PURCHASE,CREDIT,PU,-,80/81,82,PU-80/81-0082,2150.00,0.00,0.00,2150.00,0.00,2150.00,0.00,2150.00,0.00,,2023-10-03,2080-06-16,,,,,1,5,2,,13,16,,,6
366,2023-11-08 18:32:51.988117+05:45,2080-07-22,PURCHASE,CREDIT,PU,-,80/81,83,PU-80/81-0083,45240.00,0.00,0.00,45240.00,0.00,45240.00,0.00,45240.00,0.00,,2023-08-02,2080-04-17,,,,,1,5,2,,13,16,,,6
367,2023-11-17 17:41:17.309365+05:45,2080-08-01,PURCHASE,CREDIT,PU,-,80/81,84,PU-80/81-0084,139400.00,0.00,0.00,139400.00,0.00,139400.00,0.00,139400.00,0.00,,2023-11-17,2080-08-01,,,,,1,5,2,,13,16,,,12
368,2023-11-21 18:56:31.063397+05:45,2080-08-05,PURCHASE,CREDIT,PU,-,80/81,85,PU-80/81-0085,27520.00,0.00,0.00,27520.00,0.00,27520.00,0.00,27520.00,0.00,,2023-11-21,2080-08-05,,,,,1,5,2,,13,16,,,6
369,2023-11-22 18:45:44.822525+05:45,2080-08-06,PURCHASE,CREDIT,PU,-,80/81,86,PU-80/81-0086,17050.00,0.00,0.00,17050.00,0.00,17050.00,0.00,17050.00,0.00,,2023-10-24,2080-07-07,,,,,1,5,2,,13,16,,,6
370,2023-11-30 18:05:29.368517+05:45,2080-08-14,PURCHASE,CREDIT,PU,-,80/81,87,PU-80/81-0087,201100.00,0.00,0.00,201100.00,0.00,201100.00,0.00,201100.00,0.00,,2023-11-30,2080-08-14,,,,,1,5,2,,13,16,,,12
371,2023-11-30 18:09:22.510284+05:45,2080-08-14,PURCHASE,CREDIT,PU,-,80/81,88,PU-80/81-0088,172800.00,0.00,0.00,172800.00,0.00,172800.00,0.00,172800.00,0.00,,2023-11-30,2080-08-14,,,,,1,5,2,,13,16,,,6
372,2023-12-01 18:47:21.203748+05:45,2080-08-15,PURCHASE,CREDIT,PU,-,80/81,89,PU-80/81-0089,77270.00,0.00,0.00,77270.00,0.00,77270.00,0.00,77270.00,0.00,,2023-12-01,2080-08-15,,,,,1,5,2,,13,16,,,6
373,2023-12-01 18:49:03.298632+05:45,2080-08-15,PURCHASE,CREDIT,PU,-,80/81,90,PU-80/81-0090,81000.00,0.00,0.00,81000.00,0.00,81000.00,0.00,81000.00,0.00,,2023-12-01,2080-08-15,,,,,1,5,2,,13,16,,,12
374,2023-12-01 18:52:55.107377+05:45,2080-08-15,PURCHASE,CREDIT,PU,-,80/81,91,PU-80/81-0091,570.00,0.00,0.00,570.00,0.00,570.00,0.00,570.00,0.00,,2023-12-01,2080-08-15,,,,,1,5,2,,13,16,,,6
375,2023-12-03 18:40:16.001325+05:45,2080-08-17,PURCHASE,CREDIT,PU,-,80/81,92,PU-80/81-0092,50000.00,0.00,0.00,50000.00,0.00,50000.00,0.00,50000.00,0.00,,2023-12-03,2080-08-17,,,,,1,5,2,,13,16,,,6
376,2023-12-05 18:44:09.586694+05:45,2080-08-19,PURCHASE,CREDIT,PU,-,80/81,93,PU-80/81-0093,565190.00,0.00,0.00,565190.00,0.00,565190.00,0.00,565190.00,0.00,,2023-12-05,2080-08-19,,,,,1,5,2,,13,16,,,6
377,2023-12-05 18:48:26.704040+05:45,2080-08-19,PURCHASE,CREDIT,PU,-,80/81,94,PU-80/81-0094,25000.00,0.00,0.00,25000.00,0.00,25000.00,0.00,25000.00,0.00,,2023-11-17,2080-08-01,,,,,1,5,2,,13,16,,,6
378,2023-12-07 18:26:39.587241+05:45,2080-08-21,PURCHASE,CREDIT,PU,-,80/81,95,PU-80/81-0095,69200.00,0.00,0.00,69200.00,0.00,69200.00,0.00,69200.00,0.00,,2023-11-17,2080-08-01,,,,,1,5,2,,13,16,,,6
379,2023-12-10 18:24:01.856980+05:45,2080-08-24,PURCHASE,CREDIT,PU,-,80/81,96,PU-80/81-0096,482923.60,0.00,0.00,482923.60,0.00,482923.60,0.00,482924.00,0.40,,2023-10-23,2080-07-06,,2023-10-23,2080-07-06,,1,5,2,,13,16,,,6
380,2023-12-10 18:38:53.850564+05:45,2080-08-24,PURCHASE,CREDIT,PU,-,80/81,97,PU-80/81-0097,76800.00,0.00,0.00,76800.00,0.00,76800.00,0.00,76800.00,0.00,,2023-11-08,2080-07-22,,,,,1,5,2,,13,16,,,6
381,2023-12-18 17:55:01.325969+05:45,2080-09-02,PURCHASE,CREDIT,PU,-,80/81,98,PU-80/81-0098,100600.00,0.00,0.00,100600.00,0.00,100600.00,0.00,100600.00,0.00,,2023-10-11,2080-06-24,,,,,1,5,2,,13,16,,,12
382,2023-12-19 15:25:20.532584+05:45,2080-09-03,PURCHASE,CREDIT,PU,-,80/81,99,PU-80/81-0099,156820.00,0.00,0.00,156820.00,0.00,156820.00,0.00,156820.00,0.00,100,2023-12-12,2080-08-26,,,,,1,5,2,,13,16,,,6
383,2023-12-19 18:03:55.454455+05:45,2080-09-03,PURCHASE,CREDIT,PU,-,80/81,100,PU-80/81-0100,21850.00,0.00,0.00,21850.00,0.00,21850.00,0.00,21850.00,0.00,,2023-12-04,2080-08-18,,,,,1,5,2,,13,16,,,6
384,2023-12-24 18:11:39.336781+05:45,2080-09-08,PURCHASE,CREDIT,PU,-,80/81,101,PU-80/81-0101,19800.00,0.00,0.00,19800.00,0.00,19800.00,0.00,19800.00,0.00,,2023-12-24,2080-09-08,,,,,1,5,2,,13,16,,,6
385,2023-12-30 18:08:59.326208+05:45,2080-09-14,PURCHASE,CREDIT,PU,-,80/81,102,PU-80/81-0102,48000.00,0.00,0.00,48000.00,0.00,48000.00,0.00,48000.00,0.00,,2023-12-30,2080-09-14,,,,,1,5,2,,13,16,,,6
386,2024-01-01 18:37:22.465647+05:45,2080-09-16,PURCHASE,CREDIT,PU,-,80/81,103,PU-80/81-0103,128000.00,0.00,0.00,128000.00,0.00,128000.00,0.00,128000.00,0.00,,2023-12-05,2080-08-19,,2023-12-15,2080-08-29,,1,5,2,,13,16,,,6
387,2024-01-03 18:00:37.815890+05:45,2080-09-18,PURCHASE,CREDIT,PU,-,80/81,104,PU-80/81-0104,21850.00,0.00,0.00,21850.00,0.00,21850.00,0.00,21850.00,0.00,,2023-12-13,2080-08-27,,2023-12-16,2080-08-30,,1,5,2,,13,16,,,6
388,2024-01-04 11:11:07.690638+05:45,2080-09-19,PURCHASE,CREDIT,PU,-,80/81,105,PU-80/81-0105,3000.00,0.00,0.00,3000.00,0.00,3000.00,0.00,3000.00,0.00,,2023-12-14,2080-08-28,,2023-12-15,2080-08-29,,1,5,2,,13,16,,,12
389,2024-01-04 19:18:32.654581+05:45,2080-09-19,PURCHASE,CREDIT,PU,-,80/81,106,PU-80/81-0106,432800.00,0.00,0.00,432800.00,0.00,432800.00,0.00,432800.00,0.00,110,2023-12-17,2080-09-01,,2023-12-26,2080-09-10,,1,5,2,,13,16,,,6
390,2024-01-05 18:36:43.719079+05:45,2080-09-20,PURCHASE,CREDIT,PU,-,80/81,107,PU-80/81-0107,61800.00,0.00,0.00,61800.00,0.00,61800.00,0.00,61800.00,0.00,,2024-01-05,2080-09-20,,,,,1,5,2,,13,16,,,12
391,2024-01-05 18:52:39.998676+05:45,2080-09-20,PURCHASE,CREDIT,PU,-,80/81,108,PU-80/81-0108,8000.00,0.00,0.00,8000.00,0.00,8000.00,0.00,8000.00,0.00,,2024-01-05,2080-09-20,,,,,1,5,2,,13,16,,,6
392,2024-01-07 18:19:51.713587+05:45,2080-09-22,PURCHASE,CREDIT,PU,-,80/81,109,PU-80/81-0109,85750.00,0.00,0.00,85750.00,0.00,85750.00,0.00,85750.00,0.00,,2024-01-02,2080-09-17,,2024-01-05,2080-09-20,,1,3,2,,13,16,,,6
393,2024-01-10 18:08:58.421690+05:45,2080-09-25,PURCHASE,CREDIT,PU,-,80/81,110,PU-80/81-0110,30200.00,0.00,0.00,30200.00,0.00,30200.00,0.00,30200.00,0.00,,2023-12-27,2080-09-11,,2023-12-31,2080-09-15,,1,5,2,,13,16,,,6
394,2024-01-11 17:36:01.923441+05:45,2080-09-26,PURCHASE,CREDIT,PU,-,80/81,111,PU-80/81-0111,66860.00,0.00,0.00,66860.00,0.00,66860.00,0.00,66860.00,0.00,,2023-12-29,2080-09-13,,2023-12-31,2080-09-15,,1,5,2,,13,16,,,6
395,2024-01-14 16:41:06.533176+05:45,2080-09-29,PURCHASE,CREDIT,PU,-,80/81,112,PU-80/81-0112,16500.00,0.00,0.00,16500.00,0.00,16500.00,0.00,16500.00,0.00,,2024-01-07,2080-09-22,,2024-01-09,2080-09-24,,1,5,2,,13,16,,,6
396,2024-01-16 17:17:36.120958+05:45,2080-10-02,PURCHASE,CREDIT,PU,-,80/81,113,PU-80/81-0113,10880.00,0.00,0.00,10880.00,0.00,10880.00,0.00,10880.00,0.00,,2024-01-16,2080-10-02,,,,,1,5,2,,13,16,,,6
397,2024-01-19 17:32:48.701228+05:45,2080-10-05,PURCHASE,CREDIT,PU,-,80/81,114,PU-80/81-0114,32300.00,0.00,0.00,32300.00,2000.00,30300.00,260.00,32560.00,0.00,,2024-01-12,2080-09-27,,2024-01-15,2080-10-01,,1,5,2,,13,16,,,6
398,2024-01-21 18:26:05.004712+05:45,2080-10-07,PURCHASE,CREDIT,PU,-,80/81,115,PU-80/81-0115,60932.00,0.00,0.00,60932.00,0.00,60932.00,0.00,60932.00,0.00,,2024-01-16,2080-10-02,,2024-01-19,2080-10-05,,1,5,2,,13,16,,,12
399,2024-01-21 18:36:25.567277+05:45,2080-10-07,PURCHASE,CREDIT,PU,-,80/81,116,PU-80/81-0116,11900.00,0.00,0.00,11900.00,0.00,11900.00,0.00,11900.00,0.00,,2024-01-15,2080-10-01,,2024-01-17,2080-10-03,,1,5,2,,13,16,,,6
400,2024-01-22 16:58:46.189510+05:45,2080-10-08,PURCHASE,CREDIT,PU,-,80/81,117,PU-80/81-0117,17000.00,0.00,0.00,17000.00,0.00,17000.00,0.00,17000.00,0.00,,2024-01-17,2080-10-03,,2024-01-19,2080-10-05,,1,5,2,,13,16,,,6
401,2024-01-23 15:50:16.373456+05:45,2080-10-09,PURCHASE,CREDIT,PU,-,80/81,118,PU-80/81-0118,42500.00,0.00,0.00,42500.00,12500.00,30000.00,1625.00,44125.00,0.00,,2024-01-19,2080-10-05,,2024-01-21,2080-10-07,,1,5,2,,13,16,,,6
402,2024-01-25 10:47:03.660194+05:45,2080-10-11,PURCHASE,CREDIT,PU,-,80/81,119,PU-80/81-0119,12500.00,0.00,0.00,12500.00,0.00,12500.00,0.00,12500.00,0.00,,2024-01-20,2080-10-06,,2024-01-22,2080-10-08,,1,5,2,,13,16,,,6
403,2024-01-25 17:17:22.524114+05:45,2080-10-11,PURCHASE,CREDIT,PU,-,80/81,120,PU-80/81-0120,14300.00,0.00,0.00,14300.00,0.00,14300.00,0.00,14300.00,0.00,,2024-01-22,2080-10-08,,2024-01-23,2080-10-09,,1,5,2,,13,16,,,6
404,2024-01-29 18:10:00.796204+05:45,2080-10-15,PURCHASE,CREDIT,PU,-,80/81,121,PU-80/81-0121,86000.00,0.00,0.00,86000.00,0.00,86000.00,0.00,86000.00,0.00,,2024-01-24,2080-10-10,,2024-01-26,2080-10-12,,1,5,2,,13,16,,,6
405,2024-01-29 18:20:34.545579+05:45,2080-10-15,PURCHASE,CREDIT,PU,-,80/81,122,PU-80/81-0122,3800.00,0.00,0.00,3800.00,0.00,3800.00,0.00,3800.00,0.00,,2024-01-24,2080-10-10,,2024-01-26,2080-10-12,,1,5,2,,13,16,,,6
406,2024-02-01 18:24:36.254326+05:45,2080-10-18,PURCHASE,CREDIT,PU,-,80/81,123,PU-80/81-0123,2150.00,0.00,0.00,2150.00,0.00,2150.00,0.00,2150.00,0.00,,2024-01-27,2080-10-13,,2024-01-29,2080-10-15,,1,5,2,,13,16,,,6
407,2024-02-02 17:08:52.651320+05:45,2080-10-19,PURCHASE,CREDIT,PU,-,80/81,124,PU-80/81-0124,36760.00,0.00,0.00,36760.00,15000.00,21760.00,1950.00,38710.00,0.00,,2024-01-29,2080-10-15,,2024-01-31,2080-10-17,,1,5,2,,13,16,,,6
408,2024-02-02 17:43:46.730438+05:45,2080-10-19,PURCHASE,CREDIT,PU,-,80/81,125,PU-80/81-0125,116602.00,0.00,0.00,116602.00,0.00,116602.00,0.00,116602.00,0.00,,2024-01-23,2080-10-09,,2024-01-25,2080-10-11,,1,5,2,,13,16,,,12
